id,label
0d97ef626,96
b108950de,47
eaaeacd1c,73
0053fa6c4,103
9be9e90cd,48
c61564271,5
8c7c3dbb2,48
333b45bf1,24
27c66fcb0,102
e80bee440,90
0698ae8e2,83
2ec1937d2,68
2655440a4,4
891e42a88,52
3919d8ac5,56
df76ddfcc,2
9ff246fe6,43
a7bff7fab,4
904bafc6c,50
bfb86b915,88
af669d8e8,103
24dddb20c,9
afc49f312,46
39ceb1ff2,94
babf57037,75
fd3bba010,62
b20b97998,48
a5566ef23,53
b32d80296,79
cc256396d,50
fe7857419,86
f5207be25,67
36a930b87,80
f0727012b,83
7cb5e6b99,50
645e0448d,68
7dd20f99e,85
786172ac6,48
2406e977f,49
392443fe6,12
97dbf9d67,13
ba757db32,73
3ffde4543,49
eb4dbb060,83
5f15c8bd6,4
6a1072588,51
d32d6ccd9,75
b0f5e118c,47
8899f1bd1,4
ce434f86b,23
e8a5b6337,103
80ceb515c,40
db8b6aeda,103
78c19e86d,49
3625c81e9,67
42acf797c,90
2c3a35bfd,67
9e87cc8f0,10
d970c4ffc,24
08710eaac,49
902b5770f,103
528c13be5,75
eaeacfabd,81
c39bb3b9f,47
6e74639ff,4
5b9059868,59
a0ea70e97,28
b70f99706,36
9c0cad204,53
08770c1d1,53
77767dd21,103
d8076fc39,44
74b98cfd0,68
b0d0e7cd7,59
2a017a2ec,95
811acf839,49
201a74da3,27
c61f34131,102
299e1957c,48
a893581c4,9
c9e27d0e3,49
284fc118f,49
3c401022c,10
64144b5a7,80
323884b26,30
52dc12639,17
4d8257f18,91
d1eebfd7a,103
bcbc0ec93,8
05a32258d,74
4149127b2,86
d90f33907,87
1adf45393,103
3ff1824db,49
0e0caa0a2,4
8876c6402,13
f1b2738d0,17
fe30ebb03,47
c571990d4,16
d9cb87ad0,64
34aceeacc,40
4575d8130,103
f62c0973f,67
9b1b30062,50
7a90903de,73
64a8fad00,75
5eb9825ce,93
f88f94471,77
818253773,94
b70a1ef51,38
b33fe8ed7,4
0cf33d505,49
66cf381b9,77
1d1f028b2,102
29add8561,103
74fdf6cc8,12
bbce1172c,67
c71b3e27d,103
0befbdd9e,94
af4873fe3,49
5e216ec7c,69
1c63f50d1,49
37822e7db,70
d85f2a17a,8
4208f72ba,0
4abbf6ecd,67
b5fd14fbf,50
241a96f41,103
f34e6c4db,40
009b39e15,43
470847079,76
34d222c51,75
fe843e592,103
bc8917394,72
99617ebe0,23
b99ddd49b,45
653443f38,38
53cd52d9a,51
4e43a75b1,0
67556ec2a,49
a6ec0a798,53
111581957,9
0b624f751,67
298cf5bb5,48
b2a655d89,39
2ddbb0f83,80
6a664ced1,102
4df899e46,70
940485a6a,103
47e7d602c,68
5235c6c53,54
334df9a32,13
725611911,40
ad85435d5,67
7ae85e90f,88
897a2400b,67
a6db70773,47
88d1747a0,67
5ed355568,82
0d4b7df42,71
5d375ac61,4
4ec8b55c7,64
cbe14bd98,49
c0de46b28,54
06006e0c9,47
0f33f1ca9,103
67b0d01ea,49
ffcda7d10,45
df5392f38,68
fe195b05f,0
310f07ff4,49
f3e1244ca,46
dc370d0dd,99
43f34500d,4
d45c77b42,47
49601a7ba,87
1a5d9c089,103
13c92db23,0
b4aa13520,12
f69e60044,4
b72fe5b8d,29
a21a2c1b2,102
d46919710,70
694b396d4,0
d7a64d386,67
7eba030d5,74
9304e605c,13
f9618eb56,50
dc4338093,24
3c5103dc0,103
2a40c5664,91
97b3e2eb1,16
1dc234d6d,48
2a459a0aa,87
3f3280fd7,67
2772dab8f,102
322b5e989,49
216703083,45
9cb714943,4
0313b9d4d,81
2abdb1c5c,47
c58d1fe16,72
dc0f9b59d,49
797ae6066,50
d14a0c9d2,4
f1c7db9eb,75
6a9f813a1,47
7fc947bde,45
e8993867e,49
0b9edd8f9,70
6366d7061,90
dfbb8c112,90
52189b48a,49
b9e60ac3b,67
68a81ce4f,18
9617ba69c,44
ca8726968,46
8fe41c548,48
d5e054427,5
a6e42d0ec,56
df4ae0415,67
657464c72,71
b7063973c,28
18fba1554,52
ae8e8b50a,49
4bf1812c6,67
c3bf03c46,73
40752b008,103
53d90c2cf,72
9f6708c0b,46
6c0edcf33,76
ec7f6d106,102
9154cfc20,4
7077a94ce,60
63d16d8d7,73
47ac366b7,39
60711fbc1,55
7cb07f8df,79
d4bfe24fb,62
8097bc805,76
1218dabe7,52
26f14822a,29
0186b465f,48
9a1e64ece,28
5227d80bf,0
bd1dbe4ca,53
2da61d102,64
ea72034f5,53
052e7f031,67
d08fafe17,76
fb8d27d87,80
79901d55e,59
7d47fa7ba,67
59b2a320d,93
4ddf168de,73
be3a7698e,103
d4e9355ef,4
47611c7b0,14
af511f5d0,80
27a95ef27,48
18e22af9d,70
45093c3fd,75
82df3c1b6,45
cc599caf1,4
3406f987f,54
2ef28fa69,103
70cbc35a5,86
773cb6978,10
57af706df,45
aa85a14bc,71
3ca06eba6,103
bd3464591,79
c6bb832b3,0
111388cb7,71
8f01b1034,52
c46f7eba8,18
664ab3455,21
74837e719,90
4d41db87f,67
1394e9ef2,103
c1d072b0f,83
702cf1671,80
f8bffd3d7,102
e87c94e9b,41
fec3fbd0f,81
d75974136,73
6d61341a8,75
b067fabd8,48
402023b27,90
f73a6bda6,83
6c7e15c23,47
b2104558a,103
1d3f0519b,48
111223138,95
2ca0a45cd,26
23a5ec48b,98
5d171dcf7,102
00ff2c720,73
500cf0ed3,91
7a512bfa0,67
fcebd07c5,67
3b7f6b220,103
2e9790332,18
61ceb0f5b,94
4f6762363,0
f3c989c3c,26
1c08a7736,72
004b88e09,95
70077ecb9,56
fda42498c,4
597bcc032,37
b2982bed5,103
da176437c,87
801d0d3c3,75
a98328317,14
c7b1fd88a,23
b909de36d,77
176afa321,47
cb8786391,51
96f729725,50
653dc3b58,67
efe50806b,67
3b59b7879,76
7457a241f,53
2212d47f2,62
ec15f805f,71
976e6375e,78
0e62ddf15,4
c25b13b1d,103
5382ac6d9,47
f9f196acc,34
41f6cf7e1,48
da83fb069,75
ffed2a555,65
94693762f,67
07e4f36cd,94
dc4a5c985,53
56bb538b2,1
29d87bc0c,5
adad9bef9,93
9b2c62063,9
7eb7812ba,4
a114ff305,19
a64d32c6a,103
811add27f,102
c05075421,102
54a1667e9,21
4bfdc5664,103
e58b03040,72
c9c4ad186,95
be2c310d5,93
d375ebc76,49
d8c46cf4b,94
55da8e5b5,6
207684fb9,67
261838dd1,50
3b66e2c2a,13
2ee9ba725,47
6c51e020f,47
7a552ca1c,62
f67795cc5,72
0d9e342f6,43
00f05ea9e,4
06ebbb560,4
6f50f7647,73
3469925a7,0
a016dd653,49
c48f8f050,4
ea0d2354f,5
405bb5363,103
8a4293e72,4
ad74613c8,78
cd16a306c,82
bcd77e220,5
3cc7863f5,51
f36c00407,67
0394a004e,75
f4c6d5b0d,56
d907ca7c0,13
e1b63aee0,29
30964e186,4
76b0d0576,72
6d48de3df,49
69dd8b98f,74
58ffca855,73
4244d98b7,4
019a2efb9,79
c357e5a70,58
8967f7f3b,10
064d949d6,44
2f4c11e66,51
6bf3d86a6,19
30eaaa6c9,87
04da4955d,75
bd8139bb7,4
a5ae66568,14
a91c62b42,30
a51dbb7c5,75
a13d3dfa4,50
d146e8595,5
8a0b0f47a,9
68d5dc3c5,99
37dea321a,80
e57ba8f31,8
abac36cc0,74
83f7c30e9,67
a76840623,68
a1ae9344f,13
aa32d1bac,32
f3a75828c,25
9a1d5df73,103
75ef86e19,10
e5b0c4faf,53
afa2ae498,9
71273ba15,75
587e44cea,86
4d8731d6a,103
a63f52d9e,48
14a804b2f,75
5d17abe47,14
d6ded3726,42
c1c9a86db,10
4ff54212e,10
86f5cdedd,4
f3c3215ff,52
83a004123,4
e88d42b8b,71
7d7b3950b,25
eb71bcdf2,10
5e2f03974,85
06291a920,75
f92ea03e2,64
c337a455d,4
472c84cce,13
ad7707082,48
72606e8f3,87
ec53f72bb,33
fb7d17d79,14
51c386b65,10
cbf0f9495,73
9c8dc2ba1,34
539e41e9d,67
852b5fb74,13
93e296cef,35
eec3f5ce2,73
af5e2bbd4,45
f80b1c8c1,75
5aeca7ba2,72
5629fc992,73
cc0e98f9c,91
e6e68b7da,47
ee19b7f65,67
9ed2586ca,4
2d10d39ba,67
bca2de14e,81
623b64d19,11
4a98c96c1,54
57b0ac4e3,41
b868bcb9b,103
cffa0410e,53
c92684487,65
9123fc9c8,0
51eb14267,103
45c11697c,87
6a881ec8b,17
641ae8aa0,68
d503d72f3,71
4e5e899bd,53
7c9f01509,4
27bf39b00,72
150643baf,67
4fe780b27,50
7d0e16879,4
08516fa85,50
ab905cacc,14
ab3bcad5b,73
32a2079ff,49
d169dad5d,73
496eaacf5,59
931b0b249,94
bd35bb1c3,73
8d94bd8b9,102
5e69e6a8e,93
25f594d35,48
2d54b796a,78
e1499d78e,14
730cbd08f,95
30c74817b,91
afa3fc6ce,45
b9eed2baf,82
c87d22df3,90
b764d3dd7,30
1fb45cb2b,93
51b1f6a59,95
d30a6e9e5,43
18414db75,14
61d566521,14
d415cf45d,103
8c026ccfa,6
55dff9997,79
94c8329af,10
8361e9b86,91
38b48be78,50
887fb3ff6,103
23052c6f1,77
6c2ce6d90,48
691acc46f,53
83714b580,53
36112c4bd,67
1fc614660,49
94e8795c1,47
616bbeb90,14
53cc94634,42
ef761a150,71
6adc43d81,73
c404b8c8e,79
53f3609ad,4
ad81d29a9,7
5da84086e,58
d6cd39e5b,13
2c0fac807,8
fd88bb2c5,78
a00b723d8,84
d123bd691,36
a22110e6d,49
c429543bc,77
ee053208c,43
6182a0538,67
f7ad645eb,78
47aa985a8,70
6485978a5,53
e0a96117b,67
54f09b0b4,13
1c4a00029,53
3294a097e,28
4adcfb275,53
9c2f4d9ba,50
1513105d2,68
1ac65f43b,47
11e3afa83,103
a4841f6e7,0
746f3dd2b,47
cdedc9d47,72
2fa4ca1db,41
270611007,55
98033c300,28
842297200,12
909b6223b,8
c210cba33,73
1559449c3,102
eeeb6b66a,45
4ffc57a98,5
02821f581,95
f80c8bbf5,24
0ef6a4923,14
2f29a2a9c,73
a94f6dde1,72
8a81cba04,48
b0ddbab02,99
7725cb554,23
690f47487,103
56a71117b,78
46d095eda,47
de9010824,75
2d8716e8b,4
bf7b19901,7
10101e982,67
6b8f11ae1,87
711216a77,94
7b7cce651,13
45ad763cc,1
e12b35292,55
24bc6b404,73
3ff83ac2a,83
f7f77acb9,91
b6fbcbacb,53
1e155978a,103
ea7342d9a,86
ed0be72ef,10
58ede4d43,52
75b41a741,4
8701aa4ff,35
1eabd5622,9
e0b80caf4,90
6e4e60f69,83
72f51631f,73
c90a12d27,7
5d58d5dfe,68
bcad89a07,75
4cf4ac658,17
f2a35c7cd,103
d17630e6e,48
c8bff789b,36
f03697dc0,77
7eb08a18d,73
ae4b7aec3,103
1fb1edaca,51
a7bb097c3,51
b41fe0aae,82
dd8b1aaca,88
523dfab06,103
4078e0b39,67
d2e37916f,4
5e2125e43,74
648d6e1c9,49
0cfc11aec,49
9a8d29f7b,73
a3d0a07a8,73
7bba13923,75
c515db368,48
de847e487,53
bd8830a6d,73
5dcad39ff,102
316c28a80,40
79c1a3d97,73
e8746af68,49
252d840db,67
f88592f94,48
f53f2f68b,103
b09f6318c,91
9e99e1332,100
b167313d0,31
0963e2956,8
5ccc5c940,103
6a099e4a7,45
317c8b0f1,4
350182af5,97
9c5095d94,51
ef9f75d12,74
72b388c16,48
20b4cff1d,87
301054988,49
564a0856d,5
97ddeaac9,93
b605cac2f,88
c06c7ca88,46
ec51d8607,30
e3c6e720d,14
f0e91b85a,103
1951c5fbe,78
ec53bc088,86
eeb2d5691,96
db9eca137,12
e1d48d997,49
df17daf47,83
ab78481b6,103
4746340a1,75
98038f676,76
72589c9b2,14
22324cd72,28
0e675095e,67
bcc60f666,7
3c3316506,56
3ebeb5ac6,36
7f4520e95,80
dd1e506e4,4
0b8824c7a,24
8904c358d,48
0571dcc03,0
40eda589a,73
6d8432929,49
991108b09,0
60d83cd0c,29
ef0ffb5dc,14
fdf659ef5,75
4232febfa,48
1f42a9439,74
f1e56842d,98
84fc77fbd,50
51f6d891d,0
58dbde095,24
5cc548c43,67
b87d8fec4,13
15ef197c6,84
e96b3436b,24
9efbbd641,68
a5c902dab,5
67d5e3bf5,17
9b9e080c5,102
68039396c,75
6162cab31,20
96cc54a3b,103
6a1f788d6,10
577a972a4,24
fac66356f,20
6601f2903,68
b104b01c3,9
41ab6b40a,49
b983a51bd,103
2c73bd62a,51
630ba700c,73
e0151da58,4
7723a9059,73
bc83dd474,34
c28a33596,73
68caf79b9,75
f84be6387,47
ee23e898a,103
e9483b3b2,73
00f9d0e97,29
1ff3a322b,103
46d8e8e19,77
f5d022470,55
7a26fec2c,18
00c12e4ff,49
9d96a6d82,53
285e0bc7e,0
5ee6cb24d,30
9000b5760,69
aaa8e6d3d,70
6f09acc36,27
4a42f34cc,79
8eff39ec2,4
21c3d4a53,79
ac1c8b1a1,9
b6a36c182,67
aedab5dc5,74
504ce2b94,4
228f748d6,85
66cfc023a,18
91b98c869,69
de261e169,4
6cc34f6c3,46
cf787b891,29
140c059f2,102
6129c13a7,53
5752ad3e2,40
466f28358,103
b35d89433,50
0ec8c4296,48
aa118cbeb,102
8f7dafef1,103
fc2f9869f,48
3b9e7a8f5,63
99b3a15e5,49
284bb203a,45
09a438bae,9
bca8bf0d5,13
166cc9d99,0
96109449d,8
3d000dd19,68
ac67924f9,102
92aea1584,58
392d4f5ab,72
1b4edfea8,14
71c381469,47
fd53118ce,77
577136af2,46
9cf28dce1,103
f37a76430,30
f90c673f8,68
4aea86d3c,27
88f935ebe,73
7668e5204,103
3ba519bb8,45
26d1c3498,8
9a3a414d4,7
459ef45ac,84
b0b810f90,47
cac40db60,20
bc199fa70,79
b0f2342ea,86
a9cfe91af,79
9fc9b533d,67
22be03235,47
dfc4c6de0,72
35e573945,98
469301bcc,1
8664c38e5,21
675e1db7e,48
12c03d834,4
3e1727f79,102
d4bd9703f,69
c49cb046d,21
808071b96,71
c82e8a869,4
03af10094,14
7e3809573,49
a2b4482dc,45
9856ba8b9,67
3070a069b,73
671ad3443,67
d57064ac3,97
073a72a81,83
08c3da1cd,77
37a4efb7a,53
9e60a5b0b,75
ed55bdf99,45
2f0224a9f,4
350c32674,60
e64bd2b5f,29
9aea1d3b4,13
95b5120db,47
374c54182,41
9643a628b,4
78b988645,77
260517e44,71
3353b9bda,17
d615fd16c,49
b335b5bd7,67
e758b0185,13
4415b68f2,80
17625283c,103
64327e651,46
f4f248df9,48
4e4504ced,94
f5ce3d423,102
41cbb748c,25
23f960bbc,67
0e6c034cd,103
771b14071,4
7d32579d5,103
ccdbfbc8c,67
82f95de55,4
440daa96f,54
fb5b6c2e7,97
f52f85873,71
c1e7e7867,76
caa580f63,93
cca529347,75
0c288213f,79
13330e605,55
146463828,103
139b1d751,53
96d8b0c1d,67
564305f6f,56
246798d36,4
123a13515,67
4afd54574,43
60c0ff1b2,22
9944acf36,68
f6e9739ff,78
b87e16bc0,103
9f5e5ec3f,68
3653292ac,49
1b6242f80,67
500c6294c,67
ba782cc48,48
c6774c8ab,102
5e5672257,29
d2927e981,4
a7b14afce,49
7dea65fa8,50
92c7c2838,7
1b4beb2ee,77
41beb5c12,25
b9b1f27a7,93
960cb8c40,73
1fda84008,82
9edb00dfd,49
ad82ed1ea,94
1344e985d,41
145628804,52
dd959de66,36
c95269a6c,48
23ea13205,9
2406dc526,81
0f9da9757,67
2f75192e2,0
a5d650b37,75
ecf4c1f5a,86
1c5dacd9f,69
51f607616,14
c55a2af2f,4
ccc54a4f5,53
af8b9e043,86
a6e627c10,4
343bdb4b8,76
a91e7f455,59
e4d72ce27,24
d39b5658a,91
5f91412c9,1
e2c4e9c91,27
95eaa8650,47
b86044a66,34
7e23f7ad1,37
d2b357573,43
3cbacf373,103
c874dbc71,102
be9d52ef0,88
52e436680,90
87ad47626,48
df38bb8b2,28
9174ed35c,50
2e4395110,75
5245d1288,70
e9d6bf3cb,50
eaddf667a,54
6b3c00c84,29
165378703,57
c6baa2b95,55
7c10f4b8b,76
cf3047df1,4
0b9841d58,53
92cf0e905,76
1d49676bf,48
bb9565c29,11
e2194cc70,67
1777595a2,49
563a8d7df,69
564564fa1,71
59372c831,103
c92860c63,48
de996c4a9,67
701d4ac2f,24
909e04f8d,67
f718d5fff,102
daa767533,82
e557fab37,48
6c52831b1,97
a68286bc6,48
093f50986,7
4787424e6,5
914b0e71b,29
2fe816ce2,13
8816f311a,46
18ce23111,67
7d33fa1f7,67
909ea73fd,95
a9a93e3a0,9
12d007adc,91
3b71397a9,50
50ee680eb,51
32d9fa7d1,71
0d0202522,68
f1177451e,64
fa434878b,0
42ec55913,55
b137658ab,4
d7b1f9c1f,67
19d5edc51,51
54281d31a,13
53033eeff,53
85312fab3,14
6d711f23b,73
2841a62a6,57
7cb1fb42c,18
6a414bfdc,65
f0dc59c83,8
40da3a46b,0
110f7428e,49
fa1a492ed,5
5e2692d15,6
f7f17ae72,54
01492b421,93
2f4739680,14
8556f75dd,101
db63379e2,83
01c00d9c8,53
d34ac237a,50
4b4d2a0b9,72
aab7f897d,75
3dff55658,81
8960bdc5f,82
ac0930c4d,75
651d0b2f9,7
187b49cc5,102
9ed93a956,95
be2773579,14
57f44a56f,16
1d8ca740a,17
dba16733f,24
6821046ee,103
c6cd3ac47,75
20b97d483,90
f033adb55,72
d5198c9f6,61
30df475fe,103
9843c53a6,84
462e25ba9,8
eb83e32a8,73
973cdaffe,5
d1ae6b983,68
34589c202,103
9d65f5961,87
a546be8e9,4
f4fee0e27,42
318d049f2,49
1fa3035ed,79
31a00d007,28
856717f8b,4
9b8345ded,0
1b0656451,12
6d7138997,0
4f87dd5ae,83
8a81276fa,14
103a5633a,102
4de9ab35b,46
eecfcfd26,103
75e6b445c,24
4e1eb807f,36
d1cfb6a0d,28
85c40deca,68
ff30e8b96,26
06bfec1b7,4
88e6ef51c,46
7cd4cc27f,8
1fe55a939,12
c2ad42df9,74
5d56a12d9,25
07f85cd68,71
09adc5faa,90
d1196d6ef,49
5a86ac765,13
38f3a40a5,103
e7ec33080,62
92673a9aa,4
5ced5d4a8,4
ad2e27bb5,9
815b552f8,50
3a1d5b5db,67
76dd2577e,93
6bc102ec4,87
99f271a51,1
73d138dbe,28
8e7173502,103
a29695033,48
63348128c,103
50f72bf43,4
087a71f75,45
d3ccdf536,14
e7b039312,88
7ea4fd1e7,44
f62d1e472,103
0501292e5,12
7d04df1ca,94
fb61eca01,102
63c3945db,73
6823dfca4,103
6a0b33f79,52
ffd3661d4,102
386369977,95
623270c63,62
96b2a73ec,28
8559d49e6,87
7b3780a82,10
0dd4bac89,103
075602d66,25
aa6a116bf,98
330cc9d05,24
e00aa2535,0
5a0aa798c,70
8919d694f,102
4f756f230,51
0c076890a,75
967f27ca5,91
29bd0c56d,83
7dd683db0,29
5c66ca3ec,80
a02dbf1a3,21
41eb38ad4,59
ed91bd814,48
24526b077,29
49f972c08,0
8d53d2814,103
dc7a50dab,77
a1dfe6e17,103
cf192fc6a,48
c4a376520,93
7af3ecde3,64
3d6f46c76,16
1f65738b8,51
f616c93fb,103
efdc65d2f,86
ef26ad662,12
6759ac31a,0
6e0843d38,13
2c061c902,103
d9d6e7525,73
a11aaec4d,12
345b6fc68,70
d37745aae,99
b0c17d5c1,102
388606357,74
341b65192,28
3cf641526,0
3c98993ff,102
6d260c2c4,70
18c42b6b8,4
8776e1949,49
8fb591dd9,25
9d56168f2,4
e8226fb9c,47
15409e0d2,0
4bfdf517d,80
171d91683,68
c27d7bff9,87
762c5e25b,97
1c39926e6,103
6143c21f2,73
b466a17e8,16
854453303,53
b8c3f66cf,45
ea602cdc8,14
89e147dd6,25
288772300,49
9b9c0e574,50
757866231,47
5bb0fd4f7,67
e00cdee28,53
943eef63e,42
93178e5ac,48
5f84c75f9,7
c7cdff2f2,50
7c8c55147,102
a73af3677,67
0124e277f,52
2f57d711b,4
c8c88493b,93
486ddc6d6,75
79ec6e32a,37
5d3f635c6,73
69c31f86a,42
ce7f9e0a0,8
7e85cac95,5
64c056f47,53
57f357144,93
6f88cabe1,80
e42b8cc4b,59
3303a56a6,45
97dfe0bfb,67
c099603ac,14
c779948c7,93
9a6a82b59,17
7d1794961,47
9a3f6c785,74
27455ebf9,18
9ba7dcc7a,91
059ee98dd,10
2a0eb44d2,91
6baede1f3,83
9a6716090,67
361e308e0,76
75607a399,103
dda771b4a,49
3b3341edb,22
a12ed8ec5,73
bd049d019,102
0308348b8,14
b91ced576,73
3daf5597b,24
c2d8b52f0,13
b72ac95bc,22
45bd6ecd8,101
a599e44b9,14
c7827133b,50
13fff11ed,70
4fe029378,5
15c5a0a46,11
f5c310736,0
e416c112a,87
5d59f9a69,45
2b47bed50,103
05d03cdb2,4
8716d5221,77
1971e15b7,49
ff1935c29,11
f9a14ea8d,91
f93b17627,47
8d6118759,29
a2e59aee8,14
c323bee87,28
a781c6147,73
74a2503cd,67
f7da480ea,53
a99ec466c,102
14ea3ffb9,58
687997bb5,90
2afecec3c,46
055ca7ae5,67
7a8d95cdd,4
6f4179bbe,102
adca067b9,94
b1adced44,18
e5540e0f5,48
deb71b934,48
5ecc1c8bc,67
f05946c39,91
a6db0754e,13
c78e06bc9,14
85b7e1897,103
bb298dcc5,94
c63427eb2,99
5633f1101,4
175e8c4fa,43
8c7a3ac06,4
8b0aa3f7a,45
9a863b9ee,103
9cffa1c67,88
529f2ee42,77
48c96bd6b,73
0a5f90dd1,68
3e043e76d,40
8ec1ab770,103
7f7b2c732,85
b95364dd0,13
40c67cca4,47
0dc26fe1b,47
c652a7499,53
e6798651a,50
7089f8683,4
c164f8571,97
1ef2e4de1,4
d445b47b7,78
0094a72e4,52
49e871eee,0
d30f4ccaa,49
4884ed7c2,52
7e58b251b,8
3c4dd2705,80
9ed125a83,49
02378eeef,50
5134a2245,103
5c76c7057,68
c476f6495,103
c2a78ef27,48
93af01df3,73
fc6b8b594,70
47499b166,52
d06bf1078,102
dc4f97c9d,78
197830e87,67
8988c222e,71
56f31776d,67
d1292ab63,73
7d6a2ef07,10
a86d3684a,28
10bd19c33,69
a6ad089f9,47
1aefb1a74,4
aa070417f,103
e33d3b318,36
cd29fcb6b,82
67e65b379,72
0ed0741d4,53
68596af51,47
f638a96fd,54
d35b47e60,0
0dbbde2b4,75
0ea98df12,49
900f1f50a,87
f1e71c574,103
769f6fb8d,48
c96004e94,35
8e6591362,94
fbc9ef0f9,62
a7c42fdb2,49
192bbbbda,27
4a30cdae9,0
9f9578396,78
43df50ed0,86
edc4bea12,102
61b1040d7,47
f822afd0d,103
c67210c70,4
366a3d04f,72
932aeb630,102
2b71757d7,36
0f40f447a,7
f1deb3cc1,102
8303a6784,102
02d70ed11,7
07b1b52f5,67
679f0dac7,47
8a1f6d193,82
8f04c2207,30
f5da36491,68
9d0d80d6d,4
9a9255c3d,14
1f21ecd18,4
fab4eca91,95
1fb364cd2,47
fef9f8524,78
95f9e2bd3,13
46ccb6bd3,67
2858fae7c,72
9d375712a,55
a0affbd33,51
4f5a0a2a6,67
db9c84b18,103
d85ac7942,14
30e800167,103
ae61e912f,14
7593bf7d9,103
7a9de4b35,67
9b1d44428,68
c0fb3bed8,19
1d8f28be5,103
57c754d1c,102
875858dad,4
f2ef2873a,43
a15f2da3a,44
84a3027c3,87
997262689,48
a9b1f63d0,4
79c5126ce,4
6896b5c5a,73
71d454f1c,103
1d808a2d1,91
5ca912390,102
7db900a9f,90
019df649f,32
3e3942656,87
eb0f37d39,83
1ce1a7e34,102
9c1ca344c,77
ba49d2dda,102
e394b0931,76
5771f876a,49
74bcea93f,67
67b85d53e,45
19bcd7864,20
9be084d41,21
b738a5ab0,90
2eaf291d2,14
e0c7c20d8,5
30e68f7e7,71
f0efb6c04,73
00450d304,46
5fbdf775d,49
c1f18cb5d,49
117aabfd8,29
721e72651,50
77a987385,80
eb09ff6cb,7
767a87c4e,52
ac184d84a,87
9d8d9607d,53
2e0dbcfbb,71
7c856ad41,90
fd311eab7,103
aaef221e7,48
3acfb71f1,27
c49f75868,102
6f725ddd0,21
5c88d781e,68
ca9f22cc1,91
f29fbbe61,95
9942a5424,67
5b0a35493,10
49292d94c,49
1d1b18d38,69
494e86d83,67
d0f992c31,45
cebf5375e,74
dbb703916,5
bfa9dec26,4
d15a4d94c,49
684a48f58,68
bee47a94b,67
58ff9dbee,67
18ed42876,71
6db87048e,25
0693e839e,103
7796dda43,55
4c91c2a8a,49
007455d6a,11
a83db002c,80
1101a003d,29
358530103,67
09cec0e8a,45
ec60dee71,53
8b86c4635,48
462eb88e2,4
92d56d30f,30
cc16ab1ba,97
15a4485d5,48
cea4d818e,73
6251c33ea,79
5453d7402,4
f14b84f95,43
3bd1136ef,54
24c202e61,45
7dc21298b,103
0c8abe310,9
ee559b5b0,7
ba4caa600,49
a324dcaed,17
f21ab1aa2,4
3da7aadde,52
e283e73fc,67
4c0a72203,24
a2d9d460e,43
a29fae12a,29
939f715cf,53
9db94c1aa,79
441472ae6,77
1dc077696,29
9e4dee17e,14
435e0f59b,54
34f820893,41
761340c6d,73
792982c6c,45
8dc5fdc92,67
a45f859f5,87
81aae2d9e,73
49b260995,57
6bb4e9d41,48
4cb8ab033,60
d81994ed2,79
77f6880d2,22
1bbceba89,67
f20ae4712,53
611876e26,30
90956475c,50
5cf823995,87
0aa1d9c98,69
11bc7f078,30
c36b30d62,49
a05706206,73
39b18554c,67
6f845c04e,68
28aef7cc5,47
1432b2d26,18
6ef0b83d0,61
db04d5ac6,103
805d8722f,80
b0f5721ca,68
1f673a775,21
b4eb26098,69
5083ce580,37
d5bb1b0c8,16
93efa8927,67
60a40c037,49
250f0fa92,48
4d0229802,4
8e2b5a31b,0
505472dd2,48
36c7c4a64,71
88fdcd071,21
9fd265646,28
480dbd0cb,73
92cf1594a,75
5da2bfc47,39
2c4213574,24
bb5147a35,22
0875c4f20,88
516ef6822,75
4f02105f5,103
9b608697d,41
a11918aa3,53
151d03177,8
6b1551121,101
2a9af9154,32
0a98a2179,49
cf087fd47,45
101970f4e,12
8c434769b,0
c7dad9e04,48
f73820e9d,38
3dbd32e8f,83
9679190dd,70
78c58095d,4
359c8a8bf,50
9b8caede3,51
2e36d4f93,49
c0b653e38,48
bd439cf5e,53
978697ad4,103
cdf877752,53
214121cb3,87
f7fd08c1a,73
7b53e5791,67
4f037af7f,49
4bf799dba,74
e33bff353,68
27d271279,4
9090142e8,72
b30c2d7fb,24
065817704,10
b26f33224,4
48c00c048,102
178290233,47
b4663783a,102
182c9e6ef,73
f85a5ee9a,73
8af7864d3,95
aff590876,47
d8136729e,80
af8f3cceb,73
d08be28c6,62
36da5e9ca,53
cecc8c55b,84
ad82b1ba6,8
278e6c9fc,28
4bb5a49ca,36
7b63ffb33,49
b63c59f86,49
65d1f9b28,69
c393d0e16,90
bda7820cb,49
96993f959,67
08271595e,81
2c2f59092,99
645e6c963,64
be1b79939,4
6ea1e9ac0,29
78bd1cad3,0
b5fdbbd19,81
c2300272e,47
0ab78aa76,48
8073355bd,103
78235a81d,43
956392eb6,73
79bf0f076,6
e6171fa85,47
1446df348,18
009216487,48
8f252ecb2,56
532c117fc,87
8fe181d94,49
bb88f386b,53
2e8a14696,53
66df2d548,67
2538e0716,14
af6ccfeca,91
c3bab1104,0
6abab3d7d,45
2b782bb3f,79
557900fde,103
1c4ad0e13,0
56cfcf9da,82
1f342e690,75
a94c4d821,80
c1c3919f0,13
d8346f57e,71
ca2f4b9ce,4
141fe61d6,9
24ca41300,5
f986f94f0,36
0de5f6578,43
5bdd76ad6,93
54454ed83,43
f85c3cd52,48
fee2ad37f,67
4191c5547,49
e8a1d04f0,103
d3777d5cb,71
1c8122f7e,87
7d1005a2c,26
13ae95d53,75
caff65f31,48
ee40fc4e5,75
8523c7858,4
149c9e414,103
2ee5a9066,9
6ca8991a6,49
6025abd59,95
3f6b5757a,48
d4ab201b8,3
36c06efe6,75
d69c942d9,11
d9f3637bf,13
269695569,20
ad62f8d41,53
50ff8f2d0,71
3cb2f9e9c,82
5d796ff7a,25
b4f324422,4
1ed9fc0aa,52
8e96d5481,85
3267460df,12
5bae6010f,56
2cf6e6419,87
5e0da2b1f,67
285ff0263,48
6429d59a3,16
ed601a04f,13
d28fc9f29,67
0ae82a090,86
8d1bc9b54,18
5c2b3adde,71
2bf06cd03,75
7f71b69e8,75
1f3e62b48,21
7bed881d2,94
70be85fb4,50
64e5e148e,67
f2c6cb2b4,102
fb93c4c46,18
ee6971d20,48
17118cb89,13
bcbb5c787,103
cfdfb9028,91
061988edc,50
d3ba42b8a,4
e9294bac5,11
4eac8e323,72
53be7448d,67
2bd2ebfa9,4
88735317f,46
7db868b36,82
44ad68c26,56
c251cfdb5,75
f028e8401,90
77e34e261,4
132144011,7
33948db2d,50
721301e6b,8
d2e838de1,47
121fbeff6,81
084527620,76
4b6dff5e4,91
af181a2a3,10
698eea745,49
39e73d88c,73
d5d2c10fb,55
23a39f766,84
a8428cf05,73
8e70982a4,93
f65475a24,48
6fcfa47b3,4
bbad1c1a8,39
84b6560ee,25
cc055150c,73
eda07476f,77
d9aa13213,50
c8cacb55a,42
028852549,102
885f2eac5,86
0d7eab0ce,40
725cc0c4a,73
b8ff15213,91
64a087667,80
fcb500296,91
a24932259,4
0be920d76,31
35e005ed6,4
fd25ed5d2,93
ef123cabd,0
ee9242d3c,77
70e6b4f07,46
1dbaa5744,13
351f462dc,73
1fadcbda5,103
3496823c5,4
eea83069a,67
d16d34784,67
31323febb,93
32bcd07f0,0
d376c4365,55
5f4162c42,56
a4cd1d43c,67
4e4c57892,21
41ffad9d1,76
cb3bdf3e7,17
46017b3ea,4
ae331a500,46
35faa30eb,88
a7088bd2f,53
50a98363f,75
993b3757b,49
b8e0b2ee2,25
544ba8771,4
4b0320af7,75
025c07b54,51
d2a45014c,68
cb3ba4df2,50
347f41bd1,4
91fae734e,103
e0098a158,103
a024aee0f,0
70d37d23f,80
35f0035c1,87
89bce4769,29
98077910f,91
7600dbd87,3
06cf3311a,48
be3873f5d,67
8924dae8a,53
f77e765b4,14
9cb5c3012,67
e40a71ec4,80
35eb134af,49
73356bf2d,29
51d113f3a,103
3e7ae2503,4
245d80d97,56
165ca8a81,59
a673ada99,53
9c158e3c6,103
e635de77c,75
a82ca5b13,12
c38884c9c,22
e9cf75605,103
706729fd6,82
14b239870,49
6bff70a64,73
de23c5486,86
af4d8f92b,83
7ce82e1a4,73
1caf8b7dc,47
4948e3ecd,14
fe80ea2ff,29
70d635915,82
1336ca52d,10
95c77ab53,73
3c87fdc0f,53
43fd926f9,50
d9eedd469,48
206b27d1a,103
8cccd4aa7,4
483a8e2d8,71
63655033a,62
a1b220f98,65
7748f8039,73
065c9b5be,59
28ee705b7,74
36c65119a,62
1cb630a6e,77
3aa882bbe,103
e9c5f7cd1,48
1a5b47e16,4
ff67d505e,81
53a05f5ad,13
56c86b9c0,4
cb1fa5404,49
656a556b0,80
ada0d1354,59
257de6c9a,10
46241640f,67
abb6d81d5,77
793a50bcd,103
8eb564814,70
16c7a397f,48
2a872a9ef,16
8175828ef,47
ea915b13b,52
88f8cca3a,53
3edd04c83,58
87fde6edd,22
bbaef0141,67
2cf137648,67
6463c47d1,53
b8c82be3f,48
c1ed4ef6e,0
1a25cc01e,49
2a5df761d,76
5e0cdf39d,93
a3fdd2210,50
0210ba20b,46
84fc267ba,54
c21cd70d4,52
fea37b294,13
c145a87d1,67
b7a8c231f,48
f83e299b4,67
ab218ac50,53
dd4cb3fbf,39
fa7866999,48
a71e2481c,78
3be948614,7
497a53f79,103
0a117eab6,39
26b8d61ab,12
6f229cb58,4
444a5e9fe,75
950a866ca,4
ddb15721b,48
ac114952e,73
51493dac7,13
3510270ee,39
5b3739564,76
2c7a32907,35
2bec0d2ea,103
498c0b419,73
3cd423fb6,47
fd0121113,102
4fd5cd91f,22
fe1615399,86
db65aac8a,10
5e35708ec,73
77628c813,67
9881c6363,48
42d890962,35
6386c2d78,0
56cafc1c8,14
a44826a0e,53
cd35b6b36,68
acbe731d1,0
e9a2109c0,53
a3a17500a,14
4b8fe9f3f,72
274f4bd2e,87
a13259e0d,46
12eb5dc94,56
7046567c4,77
314dd31b2,83
7b825842e,53
58a2ab14d,43
67fa9ad3f,32
f86503c22,67
0a825b67a,49
f5b855bb6,92
090a1154e,42
ee578c08e,103
5a2fb5300,103
b765dfa87,73
b784d7a07,76
631f04e66,48
251a8d95d,53
a1a2e7691,46
8d195e4db,73
7a7c505a8,18
4b7b43b7a,80
98f577627,49
50df03fb2,103
26bfb56fa,53
8bb630662,70
e291c8794,53
170517f38,0
f5e86abe9,47
8f2f9d451,45
9e7060f60,77
d4f750507,74
aeb67eefb,52
ecaaa5ac1,49
22cbf6e58,13
6b227f122,30
16ad94559,78
fd6b80e18,7
e3fc821ef,84
b5fd782ee,28
053198ea7,75
23f8fc3d9,48
e95f725f6,45
2575123f6,67
d25115245,49
301315f25,47
69af53dca,46
b9fb466af,53
44fc90316,14
2b7da32fa,70
692cfa850,50
dc40a9854,21
38477b2a2,53
97b161e96,67
9a4b0da88,68
1134b4a4b,102
364e07591,37
30f515f27,0
7b1e459ef,76
dac6805a7,93
e75ba2d32,13
7e5967223,4
f0abbb0a3,83
0a9e05e74,80
4b49bfc87,82
a534b0f16,86
a256f13ff,67
4bf7df629,14
78a777eeb,35
498de5a90,47
c80ef2e31,80
a1f8b0936,53
da00cc5f6,83
5aab08428,67
61ef56738,71
f5a7cbd09,22
7c23c9246,70
317b22963,90
822b2880f,73
7bfaa6c93,83
98cb45c72,95
4f4f5f14e,67
7165bc7ad,19
4f4574478,0
2a158f54c,68
463545278,73
40fc0d8ba,31
f5aa796ed,53
706bd2088,51
b1066d5b5,65
39c56af7c,62
1989da31f,4
eea95e8a8,103
e2987599c,12
9935f0510,96
f5ae2d10f,25
abf7ceca6,4
4cd75e21f,45
fb4b0daa2,18
07b2feecb,76
467a87b6e,67
392019a2c,4
bd6b0dfac,49
b41a52def,14
922e45d33,67
972c95932,100
a3b63b1f7,22
302e11bd2,92
3231b476a,0
cef09a713,0
4ba2dc197,94
9d98f7c9e,28
df23921b2,8
1aacc5bb7,48
c20b4c81f,18
f2586d647,75
155f68180,64
ca0113f84,1
b8f76869d,95
3dc7bb76a,40
a7d70c4de,8
086d87731,48
2482d97e4,51
5681077fa,49
83302ca82,73
6bf4a58b1,67
dede702d8,22
733de405f,4
010c5d8fa,47
233db9b4b,52
006afe0ef,91
6115fb1ac,5
127e61a47,49
a08ff3c7d,39
2e7d74e55,24
d5ccfad53,49
0faa6c65f,97
00d32bef1,4
c071b59c2,67
e2a511303,57
92a289926,102
6f509e3dd,50
407df102a,40
15cb0c24a,4
536842c4b,92
5ff57970a,13
3ad3208cd,103
450dd240e,94
caa9982e3,69
dbc79f0f4,68
ddaef039b,73
f91c76038,53
f50873a8c,42
774e6e2a9,48
8a4c6a3e0,11
cb9adc4aa,103
8507d1b5e,78
1c92e2b89,7
4cbdaf60c,95
011d32580,7
0e4cdf053,12
083ee0c99,5
e7d33e06f,79
e269805f6,76
057112f09,103
69ed9d7a3,68
04a9517b0,95
91db7053a,78
82fdce8f2,12
b62a1a945,14
9a167fc40,103
226ff375e,68
794b67c42,93
4d1ef02af,57
6b7f80246,36
d0cc62751,40
bb0b0e551,57
548a35991,53
42090e3bb,72
99be4bfbc,71
fbbd35173,40
c5ab18c87,47
872eafd2e,94
71c57f5bf,70
946ef4894,4
0a71ab4c3,50
88c6b5f1d,102
117122b38,72
d1a2458d7,67
c0dd27777,41
6022f99db,21
bea75c9d9,32
db2bf0488,67
a8e6d30e2,4
c68758b00,53
9dbd813fd,0
cfc106ac3,67
7edbf1ca8,71
57b90f0d7,76
1a993f386,73
04e0d362e,74
b134d8c5d,67
a07779d6c,49
5f0542bfc,13
e4f8cae75,82
73092f468,4
6e3ac91be,49
ba635bb61,9
4194b2615,16
12fdb3200,9
c3d03598b,24
86f4d84a8,30
fa43f67ed,103
c931dc74c,88
679f13cfe,53
ec07ab0f1,30
0fea673a3,52
a12ca9636,90
c22e3bf9f,32
ef799e46d,41
085b33a8f,22
8c6fd0ec8,102
311799a0e,48
8f8ba278f,102
ba9e33af2,83
597beba89,10
c27d9c294,91
0a383f1bb,47
c6fdffb79,4
54419838d,53
a078d515d,19
0aa405eec,67
805888e57,78
e0f2a0864,103
ab35917f7,67
43fdb00da,47
62c459f66,93
67cc6b5ab,4
d4afbe85d,13
a1b4dc452,91
665bfe8f5,102
6a69d191c,86
2b9d54083,36
85bde49f1,58
b3c636639,103
f87390b13,67
10b54687f,45
4fb5992b3,39
e8978b192,0
b23e435d9,73
0c79ae44d,102
db95e1a99,48
953076db7,67
5a5e8deec,77
3a17f07b0,18
bbe2e7c64,51
0e538051c,4
9d7baffae,4
08d076fb7,75
d00342c5d,13
630d3e7b9,4
2d3ea8986,103
263d09ca7,91
dc2ff7073,94
698676b2c,94
f56efef52,59
cb82723d1,103
3c5f0c3b4,13
0120d37e5,75
f8db20c1f,73
d08d707db,48
e8e62aa32,69
b1fd7a2a2,62
35b87f500,81
0f58c281a,46
1375fd010,95
8ecdad441,91
664bad216,4
eb5ed44cb,64
24ee77db7,48
ad153ca7d,75
f07838a9e,78
fc836e711,13
eaa8b622b,73
d9e7e7723,45
afac3a5b7,53
3526d7815,103
38b394064,60
5a68d7893,8
edbb2c2f5,48
ccf2ec80c,67
bfdd4162d,76
0cf6cceda,19
8846a7457,0
d53eb8a52,103
7f4a2f594,13
4abefc989,9
8b7a73f76,53
4181451b5,40
2acaabdf6,4
6a29fea52,41
3088361cd,53
4925bf95f,70
6485b01ac,4
fe590ee52,102
b71543e42,48
fe75697b0,4
c1435ebc0,4
48fb56f39,49
92debc194,86
57c0bd843,102
6fed43511,67
f421c6ffc,73
a8ec16428,102
22cef13f0,69
cffa6d1a4,103
6c925a18a,89
012f05d4c,67
2618facbd,72
26c144947,102
6094552e3,14
341538182,12
ed4b21055,13
db0c2006b,28
f63a9b6fa,52
e3b9acc43,41
1cccba04f,88
b3acfed2e,103
1a40b279c,4
1f8e21c54,49
3f36a62d5,98
69f5b082c,87
5fff5ccb0,41
029c37998,22
04bc5ff61,67
f2d476916,45
b382fd54c,90
bf85f6b58,0
2395c9740,49
68e87d794,68
fb7984b64,89
d0989eec5,4
eee191638,95
e2aef08ca,4
760068096,4
671c7b595,10
b6ef5389e,74
fc3f3fa1f,28
b5e238431,62
2cc73c0c9,67
3599e2fbf,85
fef98a71f,73
f9d24e47a,10
7a7fefad9,86
4c613566a,93
bdb501796,4
80ec46d31,49
79a025018,50
bc2795b7c,48
df723f46d,77
5b89103cf,73
b17ebaed0,79
ebd098414,53
978d9e4ce,18
d4f431dda,78
e1f2ff623,103
8b0062584,43
034ef87a4,14
9367b53dc,50
f2cfe18dd,71
b731c25d6,57
718f47a1b,75
fb9520cef,93
f0f2f3e0b,4
2451960a2,25
fcc54c894,73
bfe43d44a,12
e3efeee68,72
dc53769ad,73
8361401fa,45
e86e2a592,62
d16bd1260,82
8e90cbc5e,83
bb0e5dbe4,30
0c76a33ad,74
aba2f346f,42
46290bd98,13
82856ba28,42
b022bab0f,59
bbd3eba7d,103
5924c5e47,33
6bcdb2495,81
e1da2a9a7,12
4b69e4daa,53
333beeeb9,48
8d0b21b05,91
8eed96f65,82
edf6883b2,44
a4541b8d1,103
02d846418,68
c425cd871,59
8d4598be0,48
55b323b0c,37
aeefaa66b,97
babc5e002,67
f4684cdeb,67
32a1d9f65,40
0b982469b,53
bfd311430,75
9244f8d54,39
cefe64b4f,36
551f3af3f,102
fba0bb7e1,68
aa8eef48e,103
683e58330,49
ea85ab37b,90
8e07cbf1b,78
88d492231,0
6b47e8357,42
6aa4095a3,59
9e9f2f914,4
f1b51e257,49
aead648e4,61
a5d4584c3,4
39236fa60,75
3dd4e386e,28
8a5e6e01a,7
706aa9df2,102
57c274565,67
f09cc7902,1
63ac3780f,49
bdbec7ef5,86
524961d31,68
894954440,87
0d5f19588,102
840f3bd46,74
1f631a7a8,79
c3c540406,14
33fd32684,49
69040ec2c,48
495e8216f,29
404661213,46
2c8530a58,70
55a7e02a2,67
a794b05cd,103
ddbf2eac2,90
054de124f,48
c77e635e6,13
ffb840ebc,103
6a9dcc24b,75
433c9564f,94
360538bb1,71
039b15a83,13
2b403205a,48
723403f38,35
31dae2136,67
589fe7959,102
6180782c6,53
dc2cac36b,29
f0e0f2a32,101
587e9b784,73
471609fe8,102
1914b6245,67
fa0d9a392,5
467025843,53
b9ff3b500,88
bd6862590,47
00e4f514e,103
1c435d13c,4
5155022aa,73
a78af18b7,67
147d79f8a,4
457ef8195,67
d08960735,73
667c3c161,99
9aa0562f3,71
c080ec831,45
2542212f7,73
79245d0e9,10
58a01b39d,7
76bb433ee,88
358e5478e,4
dfceb73a0,8
dc5ba9ff5,102
f8aff0cd2,55
2e478a3cb,53
09c2d54ec,56
cfdf97182,102
9256e64b8,53
29bfe409f,51
832b85df9,67
95a6fdac6,50
a3d0ecd9e,42
d1655f52d,47
5b3c21bc7,53
8fe3eca19,103
7b6d30721,22
ee3c66211,53
8e412c7e5,49
9fe27bb58,67
38c7f43d6,100
3eee745a9,48
36a261537,9
1a6b89e31,48
dd9f61326,48
73d04b4a0,67
95e7165a3,14
9009c7887,80
b2004fc1c,103
9732ad4dc,102
2ecf2e9de,67
7dcf1e590,56
89ef3a121,9
b7a815e07,95
1a7463151,65
f9eb9c412,78
863e8afa4,103
ae6e725ee,79
48526fccb,62
e7f0f1e63,57
ce27113a5,73
08a1c14db,40
c0e0640c6,51
081ee9650,102
504e1695d,47
e3bdad3bb,30
5a5fbb94d,48
5e76ba18f,69
509965df0,48
a86983a99,96
e3d055215,24
64803f8fa,67
5c54f01e3,80
3ef916a55,68
e7393ca3b,96
fb094c9bc,81
e7870e8a8,13
24032b382,90
5d426c1bf,48
763b49b1c,71
288feaf8f,67
f42d2d722,15
669487461,103
36d0c85f4,47
f16b615a7,62
018353f1c,49
b64db46f3,67
1cb8e917f,14
a46582e86,81
6557acff6,94
2dba0571f,83
58bb4ddb2,67
4479d35f0,73
1d51372a8,95
4fa22a6e4,64
fb2b2e956,71
c6ce2c1ae,4
bce577229,102
9b28c9ce7,74
5f729cf60,53
83bd193a6,5
857250508,50
e1adf9362,100
58df72bc0,8
d31f5a836,16
c010973b8,89
8f029f975,18
6a22f0ccf,76
7b151e3d1,73
80e758118,56
f789af170,50
fdf61c313,56
892426d11,30
35396fb82,30
4e792387e,27
98a3b2209,53
baa4deee5,67
95d50723d,28
7d5a95675,73
6d789c449,10
0d5832dd0,46
59c2eeeb0,53
47664da16,73
cfe404d71,49
d64daa728,103
336577848,103
7777e7e44,52
35b896087,67
af70c8cc6,48
c548ffbe8,4
21b24a7fd,12
efd7dff01,50
af51f29c8,65
dc5498af1,47
ecfc076ab,20
f116f4ff9,76
6fb943b8a,103
31750199b,36
b364e8688,70
50fcaf0ed,103
f10187efa,49
9a4cb2829,4
db09a299b,53
8e6d1a140,90
2f9bf2b8a,84
6395b130e,13
038c1315b,71
ee6340fc0,49
80acbf30b,86
0950aa4c0,14
97f545d6b,95
54f73d67c,47
c8baf7ea1,90
2d64f0901,14
9a9c151f2,4
2c9dc020d,83
5b8f09d2d,14
3d7e6922e,26
e730f38fa,72
0435e3c70,13
16c791a6f,102
a0d5a99e0,53
0be01212b,95
625a9dbf0,12
75001ddea,54
56317c242,35
85d27a16a,53
1ee86a298,48
3dba87b2f,102
eb86fad74,4
27aa48f60,12
23e50dcaf,24
ce6096353,65
c3ddcd12d,69
90bb2bf7c,81
977ebbfb9,103
052f7e154,53
e45e707db,14
b45121ff1,48
8fc8f357e,10
3b6e2c5c2,51
c7cd71880,77
75906e681,73
778c53136,30
8427d213c,27
5beab41c5,103
42105b5fb,53
e60d19647,79
9372a8558,80
346d6fc1c,43
22915105d,63
2cb6d8130,67
2984c04e1,8
20e92f82d,38
d6a1ca6e7,21
657a2302f,96
a8de792e9,13
6c77db7f1,103
eb478b7cb,73
1c88f1550,67
d1b0f75fc,18
56e5b72fb,78
4ce9bc001,46
9bf7190d6,8
1c0c4fa86,8
57bbb106e,49
e87044bc2,12
af8f1a4cb,80
27753debd,4
fb83a0899,87
34baaa6cb,101
e611f94be,4
1d73e26e9,67
33b3a9955,68
903d6d1ee,46
1e73b74aa,103
bf8a78505,39
7302be7da,47
2072cd9f3,77
a7d9f1cdf,103
2178a407e,72
264d83a6c,0
4c1941cfc,53
6da191d02,53
8b2b9d6c0,103
651a0b6cf,68
fb91caf96,7
e43587721,12
0510cce3f,103
cd053695f,94
4580f61bb,19
ed0204f22,47
40bf06f20,4
57a2e8995,29
36c544e98,4
b61f62d90,53
66f455e67,53
1984a614c,81
c753eb6c0,9
80c9bb328,75
def4dc802,31
58dc520a5,34
2bed40346,12
9bef7aa96,95
81bb11926,11
f6610b1d4,72
c38903943,73
aaafbe4e9,16
6a1a8e17d,31
e6c9612bf,50
3bccc9014,30
ff2804289,47
d9e1e54c4,4
510743b2b,39
1b0a08a16,77
5d3d71c05,14
0134f018d,35
08302b7a3,21
816ada493,53
0fdb2e372,71
da1b9b717,103
57fb229ad,75
470697d01,49
26914358f,41
6fcd677ac,13
d17ef4e5e,67
1fe1e5c34,94
73acd2065,18
ddfb8f27b,34
0cec3ad84,48
8e390cb4a,16
5c1b0f7ce,4
25691eb59,28
4c4caa583,103
60372c4bb,4
85c84a176,60
e69fde9d7,4
8ba970109,98
025960a54,79
d5b91872e,5
b5ac11272,96
3c525cead,72
68b83ad56,56
1d24f052a,10
1d3399cbf,98
87acecd2a,67
4fd8099de,45
881336587,5
9f5dfd81d,52
bfefa1d73,43
5ccfc8dea,4
577793268,88
0d9ca96d7,74
f796dac32,51
1bff5085b,67
710ee21be,48
381bc1702,102
4d20e5f0e,29
2a7c1dbf3,4
7c8007f01,40
2d9284433,49
fea3b6b40,13
7a2a38d8f,28
100c6474a,43
dde1f48c9,9
059ea5059,12
bb0b9304e,102
e6f327757,50
57abd6d16,56
567e64f51,16
727d99d68,47
0535ccb68,53
2313d0e1c,45
ee652c6dc,49
3fddc8eeb,37
e555f7ecd,103
e6b713626,4
334118e8f,0
51e3f656c,40
05ad9d40c,4
459adb9c4,72
4249b8e73,49
629160ccc,67
f9de43fb7,46
ca96ff636,66
fd2bd5f1e,103
7cca3e7ec,4
fe737e3b1,43
943e13c28,47
0608f2ec0,0
2a914ceb8,3
346182497,49
acf17fceb,103
e59f4958d,103
35311eba4,91
7ba1904a2,75
35e87cd85,52
26d1f0e73,53
3f36f3f32,0
ca1cef6bb,29
c8ff3649a,77
b5cc43bfa,73
5e4a5b406,28
f7fe0d522,14
58379dae0,27
ff6213278,11
7adb142c5,49
acd61abf2,77
5d35e5409,82
8515fa3ea,43
0bc02eae2,18
c5d9914cb,49
a249400b4,103
871699e5b,49
dd331079f,68
b94381f7b,75
e830a4d93,30
fec748ff7,49
1c3a7bc99,67
9dfcbdf18,49
aa560af38,103
48d8779bd,94
8f215711b,103
8fd2c007f,14
5bd9a3483,60
600f01e91,81
2cfc6468e,24
649dd8ff0,47
07b9edd52,93
67056dfa6,75
875d12d36,102
f7019798c,94
689eb9f68,78
f302f29a2,45
2309219de,87
40233a112,88
f7890fb5d,71
664e5c977,17
6db4781a7,10
8a566296b,49
acd745458,73
ab254cf0a,46
1314201bc,53
52dd86f38,64
420e4c39d,95
b14b95e77,0
947bca713,28
f9731b808,24
4dfea8574,0
02434c828,41
3901d45a9,103
deb571149,43
68510e311,102
965dfff6a,57
2b9959134,83
75c1b1a9f,68
661e5ee1c,103
ea16b16c6,68
40b3c6e51,96
2b5f79660,67
797da59fa,75
19466d61e,53
35946cce9,103
0354bcfbb,67
dde8d3397,49
9cd366371,52
faa0dd647,76
88226300c,98
3d44a717d,57
b507ebc7c,88
ce934c0dc,90
3b7c11d3e,103
957f42d35,75
8253629c8,49
5fedd16b9,4
e96d15acd,50
228540138,30
53c6c23b1,67
a1c45a1eb,76
905ed2774,103
baf87d0e3,63
b2d3bbf61,68
fd3fb66f0,103
eb0a1b58b,57
3bf2347ab,77
ae6b4c59b,103
a5f5634a7,75
7b89cf590,4
5dac2f949,45
fcac5a7e5,20
aca9ab734,103
58f68539c,54
ef7856a23,103
7223d356c,73
5a5cc97ec,19
605131c3a,45
141ee85b9,10
61d0998a4,48
14519334a,79
cf1fb187a,8
ce71e2dfe,94
75eca83b3,103
5cdbf8228,88
5bc1ab931,63
3d3dbb521,0
53b2da1bf,103
537f3aa34,86
5a7f69e51,90
b52c3c500,103
46f943627,103
563c9008d,50
34c4cf37e,35
abddbf3d0,4
9b49af313,72
f04b99dcf,95
3dc8e9edf,47
5b8579555,63
a7b95dad7,103
d94097494,52
d19fb376e,40
548fe4d32,80
6c4b066af,4
60ba7e522,102
3655fe917,73
67810173a,3
f1641e325,47
465fca558,87
abd018788,36
35bb514f0,60
7827a1d5b,45
7db72601e,67
4779122c2,48
0dc507ad4,48
e7bda0661,88
789f0394a,61
a0bdfb2d3,94
6c6ba5d80,75
618ded9bc,99
536be8fe7,88
39e216b40,67
99c05f8d5,56
27ba808dd,56
3680129ae,101
f437c8815,97
70f9d13b9,103
cd15074d2,0
9eea9316b,67
b9b88996b,94
710a380e2,72
117551743,87
74aaa5e78,5
4bc218fab,6
61f07f2d3,48
1474acef0,42
a334e573b,101
e240c69a0,102
1ca3b1ec9,67
bed5ebc31,84
1c8c53577,0
023520fc4,69
541c4d41e,73
eba77622f,30
d7d655c8d,14
143e26686,6
32bd3826f,56
2df00f8e9,13
5f3773437,71
e469820b2,73
a8efc4d66,36
ce1019f58,53
adadd8f7c,80
a36120551,48
37bd7591f,67
839922a66,53
4f2196c72,86
f56f35811,49
1d73dffbc,67
317d04297,22
e69b66458,83
508c39bfa,49
54cd18535,53
1a9d0eae3,48
87c39a44d,74
d0e47da08,73
88ab1aed7,71
c43ae531d,103
f2419f856,46
3dee899f2,88
7eaff7aff,102
4e99c537e,4
94c53b0c3,43
a31b18ea9,19
cb225cfe6,74
5a80d4beb,7
8918114fb,10
f16b7e08b,9
79cde037e,103
d710d0940,75
2861b1d79,58
79c33f52d,39
f89a5307c,43
07b2fe99c,53
16e7f18d3,79
2dfc47c2c,67
e20191edf,24
3505d54bf,49
3a1396fa3,55
5a3dafc67,25
f39ff7ba2,103
9fb9a9e81,13
a74852f37,0
14be34092,99
71149a63d,67
8735b4ed7,49
75e80fdfe,67
6449727d1,61
cf8ee02e6,42
c9dcff9ef,68
32aa8548d,78
eaf19ec05,40
22f63c29b,103
9f2d4991f,53
0021f0d33,53
d90cad151,33
a155b0167,51
abb27a80c,28
56697962e,47
c51ad1704,76
b3cc561cf,48
1037cd266,53
64dba18d7,0
756c7c9c6,49
155fda1aa,0
dbe581aa8,8
c4c67ba42,96
d495d29df,89
46656822b,73
36f02d6c2,93
12c738d87,73
4b2c0659e,68
0476b626a,15
8e92c9811,81
527da06dd,53
74ee51f2f,67
aedb03983,82
b82a2a3d4,102
aa016ddfe,4
ca53ebc3c,38
f0f03b04d,102
7a011cb30,103
ade6312b1,4
78d30a479,78
9da5c57ef,56
e774787e4,57
77fbaf59a,64
7e61b7ed2,38
c0a83f8bf,13
7a660b9f6,53
18a0fa20c,50
d9af9a571,48
25b7cecbe,4
ae78a372a,48
d007caae7,91
139aad8b2,39
2b4be937e,98
d314c03fd,47
eeb419776,102
e788cdf9b,56
a7855a3e3,103
ed127c922,73
53cfc6586,48
07b1b8c87,82
7484473e0,87
45c23ce20,86
ca050faf8,12
434079379,14
8d73023b6,48
240684145,49
78c02c2f5,49
a388602fe,28
e964c6dcd,78
161acbde6,4
f250dd64e,4
831348989,36
28c5b096e,97
fb02c411b,94
f468cfed1,67
37b58af62,12
6d7ff30b8,52
4217c1328,89
6521bc49e,67
7f0c3fad6,4
23ee9f44b,42
e8d193a43,35
fb56bcd7d,73
e3beb7e77,7
99e810fa8,95
37885d3c0,13
e8475ad43,103
ca1095668,80
97d3f3707,50
6fd484575,54
9351e7281,56
1b8a45d4d,102
b7af85f6e,103
35b89eb8c,73
465acfa7f,103
f68109bb5,38
95a484b75,66
0993a96fb,45
10c568a02,89
8459de1be,87
7b38f9919,49
7efb877f1,103
e1bcbc106,95
3da1159fc,43
14ad22971,71
37090107a,45
4fdd76274,4
ac1156cb1,88
07f963c50,50
d86ebd20a,4
9824cd034,48
3232d6f56,13
aec93bbc4,53
3feba0f46,86
c1390c263,53
f49141ac9,49
9d38f1232,10
410641125,35
e826a5f20,73
8745560e0,81
3ee4afec0,95
5f22d82a2,58
563ee45dc,83
2dc55fb57,68
061e6510e,67
8b31b6453,102
1cdfd8172,68
b6203cd3a,48
b9204c339,103
fb41fa092,22
431a635c0,62
ee58ae806,67
a6dbbc248,64
cd4b41085,58
b187b258b,36
44903b337,73
54493a1bd,49
0e3f76f4b,53
d1e91d28a,93
03091fb7a,49
ae016f27f,49
0d48d68af,30
f4ac8bd6c,103
acc347bb6,4
092187ff7,4
657d7b6d3,82
6953f8992,43
467d1a4a4,81
bf54b2c66,0
7c2f23622,7
2449b5518,102
cab155898,46
cdb8be610,4
3052916cc,95
28bab70cd,94
93b56e886,103
085ed175a,77
805f78d97,82
34a95a94a,87
cd88f6d4a,28
08820c254,103
70498b302,8
f84335116,40
994db92ae,25
6ff58f465,5
4bd5d4982,52
e68ff576e,75
0fd1b5059,67
9d051fef4,50
e9564dc47,68
17c8dae41,72
2688859c7,45
aeaf5ccbb,77
2c6c478d1,67
357b3b1d3,58
534b7cc36,50
9d3f09890,13
5359b52dc,14
9ce1a30b6,67
f00ba69b7,28
38765c6bd,103
dce29c03a,83
aaab6a867,47
b364a9362,14
086fcc48c,70
4028851f0,100
d5888b919,4
60a51b6b7,49
32c22cba6,6
3d0556ab9,8
600693e8f,71
e5eca71e3,4
d81fb8241,102
79272fffe,74
2690d9568,46
67cb3cf97,100
6309c0fee,53
afd56596f,67
622301a2e,103
94d32655a,93
72033968b,50
6eefb96f0,40
097dde704,63
9fab84e7c,103
211c90566,75
0bb20e5d8,53
16b00a5d5,53
224d2ad17,75
c2e2626e4,81
2103e7549,90
657a4ea19,46
30ecc23d5,48
74ecc535b,102
132212f11,75
75753e7b1,47
57ff5b255,68
9dfd91c6f,67
85934f1fd,82
38faa7eb9,46
62ea468a3,3
8b5aa768a,103
cd4bca93f,50
77b8cd935,70
39090147b,88
3288217e1,90
f9b4d0e4a,12
4b4291637,52
dc405fd04,73
610314687,73
075d6bb86,5
f8c41bdad,91
9eac41e56,47
2bc5a1d42,67
88de21f46,55
50c9fd635,49
3f315b0cc,103
72e6235c1,46
e5bc365d0,5
af7eab8ce,64
04c9322f3,51
8cee8b405,53
17c2e1b73,48
74eb03c19,43
3be259713,53
8fc000b1f,0
29d710a29,75
8a4dedc87,69
45655caf4,80
f509e2cff,0
fb2895935,67
f0bdd22d9,71
acc5f6c4f,44
991294873,48
861f2c9c1,67
8a428ab24,55
408b2d234,45
1b7916b63,102
4a122e0ad,68
2d8c06a3a,0
849e05914,103
09c8ebae3,22
1fb27e305,87
5376bd006,10
6e644aad3,49
ac32140ca,47
8fc79c991,49
9cd8464ef,73
a575e3bf7,83
b145790f2,0
d9a8f22b3,49
4165e5bec,5
ad27e607b,102
5fccfc9b5,77
fc220624a,18
24261e7f3,69
d5400cc1e,100
0a8a36c25,90
1081dc395,64
c2a609ae7,103
530bde853,52
cd3c07f1e,53
a5c3359e5,82
21a0ef857,24
e25ca1054,4
e11a7a42f,67
0ce7adbea,39
26ee00728,103
22a46a27e,29
d637980a2,45
6c269a2b9,67
061e3b226,40
9e4d41ad4,86
38cf8682d,68
383e2e03e,67
ba23c645d,45
04f9e9721,49
5e45c97c9,43
a0f7fea74,64
918ea59ba,102
9750fe0c2,4
c127de43c,4
ad494795d,9
4955fcb53,73
724560f8b,48
0c3928144,8
a3c091760,57
035d2bcd9,103
7b1267e49,25
4ed9720ea,53
c3bcd37c1,92
0d8d7ecde,49
b2b4ffcd2,72
f41acf49a,10
be06b31f4,53
e48737634,42
a8f945820,53
c52b1e973,46
2429cadb3,49
31ad8f4ab,87
39e2183ff,67
07803a6a2,62
8e8f25c31,87
08a78ffc3,12
3a01c3e88,59
82d5f6620,68
40a956d5b,67
b25c080d9,102
8c5e0c760,47
2a8131dc4,18
979d4369b,65
a9c8ee568,67
8ad63bcf2,71
38ea80b60,81
74f238044,4
74bec8798,103
38d113afa,59
52c27c7e0,76
5ac870ba2,8
4fc55f7bb,5
4a5d43a96,9
b25179fca,49
47f8f7372,9
4d42fbb18,4
e611ad6ae,4
eaf6fbc84,31
9aa3662af,13
e7638c0a5,0
550290aaa,13
f6dfa3eaa,67
eefdd0431,54
983130c4a,73
bd1b3d191,49
5e0e038e0,4
bce37c882,13
50de80a98,67
e3b0ff721,94
4d5836f7d,0
0db5748ed,4
0ed9ee6bb,67
78be4d100,14
1151a0d22,102
dfd66382a,75
5a078c961,94
e3c7bb70c,68
1d6fbd789,47
9b9381ad6,42
97de1dee0,49
35d5521e7,53
e955870c5,45
857a39495,103
58605ff84,73
719aed16d,103
88d3afe93,53
eef64c945,93
a859410aa,73
586868059,78
da6606b4f,49
e14129a0d,60
23cce6771,82
0281e01e3,9
8ab8cb727,12
2d0752813,89
8304d7230,49
16f9971d1,48
0ce2742b7,46
0e7c4c272,57
5d4811c9b,67
e9a190503,12
bf9efeb37,67
234f9781c,49
2f230552c,67
33ee9899d,67
9924275c7,49
aa12729de,47
36b0477d7,49
ca865c4b0,40
05c992976,47
6cadad337,14
6b57e5a58,103
70e87c482,91
6e08cae12,67
8ef4a7754,82
e181cdda9,53
c86cce658,103
0523c9801,67
4cc12b820,9
37377ab6b,53
fa19200be,34
a2aa2199a,66
60c188245,67
45610320d,7
946f97527,103
6ec67346d,89
6016dd857,67
8e55f2268,77
94a240084,33
154896ab2,81
48b37a43a,4
539a14033,13
98320c076,39
2c69b633a,49
e44a6c4d1,50
c2c5a8cc9,7
a645ada8e,103
0aaa84d90,0
95f734b2e,53
ea0b66dd1,60
923e37397,4
5f8f53f23,75
36568fe64,81
e0fe7e2d0,53
3f7fa081c,74
3d17ca258,91
f1495d941,67
36be47274,64
6233d3e01,76
72337a91e,50
677dcf9b6,67
303979023,102
ae6ab4563,14
00a7a6244,73
d6f707315,47
690f1dea5,49
6ad636b14,7
e53134336,67
d8ca58a4c,36
b12c4cea9,103
c2915a59d,49
3db6ed179,87
0b061eae3,67
ae62dc8b0,7
f99c51769,53
c9e727ec7,18
13d3c108e,77
3076e7608,7
42ce82871,48
d89e84047,67
ac73af09f,1
b9a6f2dab,50
c0ebfe98e,24
003882deb,9
e5ee0be59,10
ff5fdbd84,67
2ffc025ec,14
d0b1e24e9,77
ac937c18b,49
8f206287b,48
6bced57ba,4
2a5d624ae,67
c964a7aa9,49
57a04f0ef,49
68c50e34a,4
08ffacb06,50
1bb8d0c39,39
ddb84d9ab,46
c9ae3ceea,50
46d056d14,8
7c3055bc8,80
f58d7487e,62
d06adb15c,48
88621ac35,83
c3af619d3,0
9ca5d93d0,4
d82441a6e,90
bd9cf6b4e,4
c3c4ea291,27
052d2dde2,67
dc77fccc8,7
fc8af9bd9,85
d0bd30dd2,82
e161af94b,103
4a9e8f7f7,68
474219bf8,103
c3a60c66b,72
855c5dccd,4
d853b843c,41
110dac9f2,24
496bb2adb,49
c52257cf9,73
82a37e873,73
ee41c42cc,68
ade9181a5,26
14d3647ae,73
e1f45be9f,14
c0a9efdcc,99
f6fe43282,5
370fe09fa,32
fc601ec84,86
d09882bb8,46
a7df3f054,53
76ad6cdd7,5
91398b8af,5
e94327a54,30
8925b37f8,67
7d825a631,87
04721ef43,53
f60ba81cc,85
7bc968caf,46
53fb48abe,87
0e3a60b3f,48
c1f89f237,49
50b7b51b8,52
547e41140,67
7d759eb81,70
b45b3f474,62
0f25f79f8,67
6aaaa29e5,53
c36c6ab5a,67
648319d0a,89
e2e96c56a,72
6c1e0dfda,13
6c14532cd,48
73a3ae7ee,15
91ed2728b,102
07184caac,102
2d611a037,2
515ccfe7d,13
1d0cc3798,80
2e0bc183b,87
c762253a3,49
e44ef0f10,49
1e954dd4c,9
4f14ea184,73
776fe6e63,80
d20e60a1f,71
23f7b7a7a,102
4bfdec3b4,67
0039e54f0,43
e914d195f,4
9121b3849,48
8afe59d10,51
8b5155f07,40
2a0a14e04,49
e69beeff1,49
01863f6d7,49
b0bde1b03,61
8693ef6b1,5
43975ba66,67
6581fb5fb,51
f7034380f,70
e8bf3b5ec,10
afcddfdcd,56
63eb884ce,54
d062630fd,11
d814f470b,17
8d5b79bb4,29
13166036e,53
a9a679316,103
f1b4ba5bf,40
d0e1963b1,57
72e6df7f4,49
ff264d2db,76
ba9e184b1,67
486248544,4
9e4eb029e,83
a7464ddab,0
a7046c744,5
e7d7fec7d,59
c50ca0af5,10
289e5b823,77
b7c137651,64
48b580700,67
02eea69ff,53
c5b5ecb0d,48
0395f93d8,94
c987ff810,68
cd6fb957b,80
4fd1724de,73
0a38b5a6f,13
07c0d22bb,102
d0661be31,82
e6c7eecab,103
38a3caf8b,81
6c360b751,49
c8bec0f66,47
7698bb454,17
804f7c7a6,48
76c56dda7,51
e4ba02634,4
50c36b121,50
9409f8d69,88
25079853b,48
ad6d4b44d,88
82fdb1afd,67
035f7cb0e,49
666f4d363,48
d8bfdb6fe,67
27dc84ff6,103
a8331323f,27
cdcb45570,73
62b5e80ae,67
e046fb456,68
7b437ba4e,9
9b444719b,102
12b630964,5
556f2c5c6,102
135359fe2,29
cb80e17f2,55
b7ecbd370,4
2a0404164,48
3552b2954,51
362fbf850,67
ea072301c,63
768bf1fe7,39
a567d4a59,67
c09ec978c,103
f38eac7db,67
b64ae4e8c,81
2b3d7a7da,25
c16bd5262,73
99d0b77f9,93
875d61521,45
5689bcc21,67
ab1d26187,21
6ebd051c0,5
bfd66b238,43
e925b2ba5,67
c25141a41,97
7a538b99e,24
ff5892e0a,23
d5c5cde4d,93
e7791dc5d,22
6b82e86e7,68
f0f7de90c,90
bea8158b9,72
87f6a1325,73
29fd845c1,28
e8aba010f,74
1f5a8d8c0,68
600da56b9,12
af3c7a24b,44
2ceabb5ef,49
321437b6c,68
53a6ecdc4,56
15b77ba34,43
ea8dfdeb3,67
121fc6463,0
27f69132b,10
7dc69b4eb,102
01cf43e0a,80
47f7f9a06,87
98e101a61,13
339153138,53
cc446554a,102
6d822303c,14
9de211ea5,9
9b9dcd9c2,95
02055dd80,67
744730d4a,47
35659b2ff,67
f95b41656,53
258ff457c,102
7d0e7bbd2,73
20079ffd6,103
b48c962e0,25
ca82d5eb3,103
063528d00,36
15c1eb33a,45
aae8b6cb7,102
99b639774,72
e6609d48b,0
92d062d8d,71
77ad23821,83
1ef426390,4
75a50917b,48
e9e0698f5,4
1f244d315,102
bc08f60aa,49
9dfb86d81,48
330ca12c5,94
3a391563c,5
26cf9ecfe,73
f18556a22,103
814e0e21e,10
143b75258,21
fb85ca687,67
d6e9bc323,13
b80695478,47
10c4c8d44,88
f7457839f,89
01520f1c3,90
35aa8898b,91
b043db93b,51
509741eb1,67
557117401,73
b5a739d1d,67
165766e9b,10
60b3c1ec6,96
ee705e49b,29
7e25fdd6e,96
250f30059,103
a20b98b33,53
e178e1fbb,67
98ecbe0b3,4
5c5a534e3,81
4daec49fc,103
44fb03a32,98
f90f6d589,103
760a844a4,75
8d9213283,72
69ca9a78b,13
cfbc79ec1,67
4863d1e67,85
5255b9b6c,26
509570780,4
c9efb9d66,49
c2b3daa2a,25
d8f1c6f49,72
720920606,77
cac4474ff,24
69239f8e7,13
ec6b3bff4,52
cf1ad8706,27
ec80c1413,67
f83823a7e,57
db4859b98,82
459d3299b,4
71a787fb9,12
fda794abb,81
0bb9c3f30,96
e34bf0fa4,49
0416248e8,103
e6135dd8f,27
d1b715fc8,4
f424ad351,103
d70ee220d,5
8bc85ca8d,10
b273a1ca7,71
0cb8a264e,4
57cdc3f59,90
e8c49e13f,57
6ef97d18a,76
8c8ffc7cf,89
ebc7ae3b0,45
4fc561f03,62
1d9693978,57
8260f8641,87
a19239dbe,75
9d8d14332,80
22b20a20f,7
7405dd1d5,28
988f93442,29
64a27fd4c,72
8a18b9699,0
3d814b28f,102
400b2bbda,41
ce53cea31,72
a3355967c,48
0f0ccd222,95
5b3de280c,81
bfe670846,103
1b54ef9a0,103
7fdb2b868,2
04a069392,75
c9a7eae13,74
ef21b581b,70
941dde56a,87
99caeeea3,73
4630fb885,103
06631da4c,75
63a4aed70,50
ee2886544,53
9677be74b,67
d185711fc,49
790eb61fb,67
6c9aa2460,71
a77db045e,2
abd425a9c,101
34302ff94,4
72b64a25f,87
5d4d774bb,49
86935b0d7,90
ef65f22fb,87
791899b46,68
0cea1df9c,81
f2aefc6cf,93
4500b8a44,75
f55caa50e,12
2198f8dae,41
54dc06c7d,46
179aa8d61,45
20dbff58b,77
9e7925f1b,49
8e75c9098,90
f4feeb150,72
fb78539c2,81
ce0668511,53
62a682a26,17
8f76524a3,96
b840c68bc,67
01555bed7,69
5d1259367,67
f85f090f3,101
534764190,103
5628f5deb,96
fbfd88b1c,49
2d3c0a80b,103
d23336d37,79
3a19e432f,53
b909b96d7,43
37771fa98,66
65d14bd99,103
1b4b7b0aa,103
b7aca2c8a,0
b7ad7d574,103
ab473d0fb,11
da3a23d4c,49
3b66bda54,91
60e283191,4
166c6bbf7,72
8ef339ee7,67
0a159c5f5,56
8cb3a6ba1,4
618ad631e,38
dd0839e53,53
3b60b5bae,72
1b474b251,81
11ed4fed5,29
39bb94d66,51
35975d1ab,30
cf3bba4c2,101
a6105941f,14
c232077ef,103
08031b106,53
0e9e5a0f0,75
562b2d688,59
624d13949,95
5675c2ee7,50
662f8bc0f,68
8fa0abb21,13
5ac5273a9,93
ef31624e8,29
f281ef28e,103
7afcf9660,103
3eaf5a947,8
32863f792,4
5e84a449b,4
a9855f136,4
5ab25460a,14
69dcb9a3b,14
a939e29d9,103
20e16a0b1,78
caf89a8f1,58
9f0f27251,102
f33705a47,4
fd1ebe8cb,102
f61465618,79
9fe09edeb,8
f41d18e37,45
5998b063c,68
bcd277266,72
fe1857f3f,43
f3a8be142,35
fd44aaefd,102
9bb756baf,103
9a411636d,72
e2e81b2c4,95
500ac8bc6,28
4c5a20840,4
c2bc296b9,25
fee9f7c67,49
b77626f46,73
b631d859f,31
a16bdddf1,48
14d0bc36e,87
a0e82c1b1,100
62a410cbb,67
e6c3f8ec8,80
76809aa23,11
a51abdf4f,9
78dbf0e31,4
c2a426d70,24
4cf1de29a,74
707178bf0,86
4f8a37fb9,61
09ebedf6a,49
a7af85579,62
f21f7aba6,10
377c89e04,71
8d4ecada4,79
3294f5eb0,24
51ccfb7c4,82
7d58bbc35,73
8bae211d3,7
934072bf5,53
6273f48ef,14
04a7a4f50,70
91212615a,39
2c7ce5049,49
40daf3243,14
e722a8f86,28
f7eede84e,78
6285f24d7,75
fe40a3dae,45
6f3f4d188,67
c7ab8e645,53
3ba0b4f6f,82
85d30d942,67
2a60639ba,14
666d25d39,103
a2b22b6cf,48
715ed2e29,69
b6bc88c1f,58
151e1bb21,49
999be9923,53
c5fdb2459,13
fe1fcc972,53
0a399baa5,4
c8b1673ca,67
cecb3fe1c,75
ce6303fec,52
30802b47e,66
f553000bb,46
8b4182aa1,67
ff37e4d13,5
8996126cf,86
2e78d7d23,24
d2b091c3b,68
c8349d602,49
a7eb19305,73
9f80990ad,103
d60582d88,5
e15365337,95
a8b46288f,5
187ba6ef0,103
9f4b942ff,13
fe6da2049,29
c11e44cde,16
06acca7ac,73
6550b53ba,43
d51f2e142,45
d01f39daf,0
707760045,37
237fe1fb0,37
9360afb8b,24
719a12da9,49
0db15a736,24
d93bfff1d,67
638d987cd,16
847ffdf2c,41
b145fd2da,38
eb64f3c3f,94
0af1026b6,103
5ff71b40e,28
7dab12862,25
88728f169,92
35cb5e3c3,72
54cebd37f,68
212497b97,93
be007fe7e,78
29ee6d680,53
7409a08d2,102
bd6ee4ac7,47
f0a786428,0
fc2199013,7
11b0ea314,12
981687c64,81
de8fd4020,93
a134c5401,78
517ed388b,67
a84815a9f,92
dbb2bf69b,30
8d729fb61,28
6d34e11fc,10
337c0f7d7,65
368d86c92,18
f98f94bac,51
7504b36cf,103
fd5cd4e2c,95
4d761f97e,29
4e3b3b3cd,75
3433a69c3,0
53f2f97d2,51
aa063d915,67
7b6429c7f,59
6034d93d9,16
8fa8ee1c5,21
37997c432,49
8f9a206cd,94
5eb156e33,103
03f8a7638,48
0d69ec15a,65
938b2ff4f,102
b39cc3832,9
0e1fdb95a,49
f314ed416,103
925de0d45,71
4d14ae692,48
ce3c158fa,74
fc13d942e,4
6dc57d8b3,90
2083b8669,103
19b046852,103
452ec84b6,11
0e8760c38,103
becdc1364,95
5fa624040,67
2ae85b034,53
1b0d7769d,79
eedc4e2f1,102
a086b2043,12
2b7cf3253,14
d493e1205,67
7d5126c94,75
a9eaae137,103
967133383,61
30e522542,0
0dffe81ea,97
25a24e8b6,61
3ae3126c9,67
f6f0e3d49,53
a1e81894c,67
1ef078208,13
372ad684a,2
02073dfee,29
23620cfdf,51
e7571886a,4
6144fcc9c,96
339430425,51
19b1f6ed1,82
7c3e5c00d,75
ae804f35b,75
854ca7f47,13
92da88798,29
778808485,33
8bcc6b0a2,102
b260d939d,53
8c0e403af,103
e576b00a5,21
88f6fd6e4,51
d8909ecab,17
6229791d1,103
2da86b144,79
a853842c0,57
760d22629,79
78f6357bc,50
d71ba33b6,67
c0ecf5eb5,75
9ada0d093,93
19a795eab,42
a9a1e0332,49
5607b2020,39
526449d16,91
da76579e7,78
98fae1d61,52
14a69e3ad,9
6cc8bfcf1,8
078233359,50
a6e0df6f5,4
bd3518b92,50
6aa485643,103
e1f685853,73
352a2c45f,87
be82bd09f,4
5885a2c34,74
3a1c2ac95,55
e69ddc9c5,56
f1babf32a,4
189976301,67
151cd8478,82
74c86dc94,88
90db97153,103
4d7e7b6cd,76
05bd91dd4,103
16e29883d,94
183896a90,13
ce72a44fe,102
7cb805a4b,49
5857637b3,103
97cf2d9a6,103
afa405f0a,53
c85a1d564,25
6ecd0b17f,47
bcebc0b3a,13
70c95a76c,67
cc9cd7803,0
f59c3ad7f,103
a43f7fc0e,49
80d468ca4,102
67714a8d8,67
2e3fc37e5,0
ca2cc5375,4
3af4c8105,103
24cc36b04,95
9c1fca4fe,68
19b55b489,45
49f2b41a5,56
8ed239a08,62
8d6c7ae91,73
d66dec02b,4
ce97c8026,32
9d9605a15,48
9d44bd787,4
9e9dda9fe,72
b82ef433b,49
f69023f40,103
6fc119103,103
2c9e28482,79
a31f90373,67
a0e86b0b1,21
435326c89,103
66d3a82e2,103
7d540187a,103
cb26ab8e1,95
5d238f402,103
d12bd1d03,21
89085d10b,7
f0fd3d741,94
9f3fabc70,47
f2a6cb1f9,97
348bfc268,0
d4362cb73,103
98dcdf215,10
9eeefb070,10
0bf251179,87
9390e29ac,47
eef5aa7f3,68
7eed3c569,9
d55497abb,102
755794886,47
afdba6c0f,46
02040055f,83
6cf4b47c1,76
8e59ed760,82
14453eb64,88
878e5d725,53
8b85ecabc,73
3070b77cf,55
cc7981c1e,49
26a59215c,47
cc98ccc8d,4
26f0c457a,53
7f3e45975,36
b106e1623,90
bc53d427f,4
b96651b6a,29
dd9cf65da,0
9b40a0513,47
3f4d7610c,102
661307d74,48
4c0f2c1ad,45
394eed0ec,103
0509887de,21
6af290ef5,79
60c40b083,49
532160a43,60
74d672d39,43
09c208a92,67
97a476deb,48
6f84aa228,61
9e3425ede,4
6b8989275,103
62a7c181d,73
75d255458,95
09780bc52,88
a8338c626,102
a16eb5fa0,103
3081eb3d7,94
ba763e4ad,78
824eae734,70
8e8259669,103
9ae160f11,91
8cf5bf4df,77
bd2e8c9b0,103
ba2d603c3,73
4a506053f,75
f97785498,22
504495975,49
1c1daa6da,46
cb59a4824,67
b59846a6c,93
535695fe2,62
52eae9528,95
c41a4be65,75
65ad58f26,21
6760a8b60,59
87f8091d2,73
71c1f0507,4
92c92500a,10
c180f1160,80
124b3526c,2
b05b5e5ed,22
500c28291,62
d5b001638,102
6abf7f144,67
5ec4acbb4,75
07be81d64,67
07ce81250,57
4198fad68,55
7e6854001,49
94a7c5ed2,24
05a947c38,50
4383d6782,61
491331146,48
5078ff4b8,87
4831ae48a,58
563f7b16f,0
878bf09bf,103
1a5e9517f,90
4fde9d58f,48
5826bc1ee,3
d0411902b,67
b882b8bd8,103
ee64fb7d1,10
4479a460c,75
78ccf47e4,49
658b73453,49
fa05f57cd,4
45a36938c,50
e8cb185dd,70
088b35ed1,18
7a8a88b42,4
3987e3d8c,95
654ee7e46,46
f9b3f2991,103
3537c6c84,68
2c79f3a6b,95
75bbc4353,4
7fc99345f,98
7fdb7247e,15
306cd2f2b,57
6bfc6b8f6,71
7371defc6,43
278e2fa12,16
2a608c0db,103
18b1c8787,10
fbfb8db0b,4
b2d9ede68,73
a23d903c3,103
5940f63c4,13
5954098e3,81
2f5064517,77
44d707daf,14
157be3bb4,52
c223fc7dd,52
7244c8b3b,43
87827d39e,57
906121480,102
22eaa8132,49
d8437a7f7,89
fe214efde,75
1a0d4b775,4
2c05dd6e0,94
69e822cce,53
1e793aadc,4
8257df18f,53
4f1f1670a,53
63d72a8b5,74
c93ecfaeb,73
da5d0dbcc,55
083c5dcc2,10
5a2911399,0
2f90dff16,43
2a69bcce9,4
d3f044336,49
7327abf40,93
89c19cf37,67
ad06e1507,73
a29efa0f2,53
2ce2f09d3,4
c9c069119,95
7f6076e29,2
d852da76f,102
c67446d52,94
1fe1115ee,102
8daf31854,45
7c1a6e1f0,72
1a0fb01d4,43
f938b8711,103
6f9686457,53
874df1738,84
1b426a50d,0
e267693a6,102
a4e32e242,95
adc3d214d,16
2ae165ee8,76
6eb8b8e84,13
7d9caf815,96
0e6cad3b3,45
1aa8492a8,18
7fe424fe7,4
5536e05ee,30
da4a55d56,26
a9f3ec5aa,70
49f7cdb45,53
d1dacf9dd,91
785e7d196,49
49b354ce4,13
62eba5d4f,102
050bb1262,72
a6bda1044,32
0999994cd,24
97a7c1e5b,87
275952360,28
15bbc7306,103
a3d606459,49
e70be746d,67
ead4c9659,67
d5cd9674d,70
92c33e670,67
5ed06cc85,47
c9f640a80,4
9dc89dc6a,0
18e4061dc,86
ceaa96cd6,103
fb87ee5a3,46
627f0996d,49
dfd946ac8,52
36af4c914,4
19248ab83,72
fc70a3b37,84
7db7456c8,8
4e933f65c,38
39f2c9f4a,47
78ceb6218,53
b7ff1634e,48
a94695f27,51
57cd097ae,73
abed810c6,3
96e4b2ef0,100
56a33cbaa,53
30da0fe81,11
93b754b97,67
d66f375db,95
8fc8e6925,42
764a3885f,74
c19d02d04,67
0667667be,68
8f4e1b979,85
c4727766b,4
c07cac3dd,4
0551c57d5,53
2939aa5df,40
db49060ae,75
c64eb3a36,47
31fd82f08,103
36c344ab5,102
e079e7ca5,9
523df966b,102
0497c3265,39
5906e9893,49
8d2b32b02,53
88be303e1,7
e60d33c82,13
8226b3a56,50
9d388b6f4,4
c82045295,12
d5766b84a,4
151b27a24,67
b9a264608,90
5b1892dfb,74
23e9b2025,49
0d558f91e,67
728a12444,6
4c8e7b1f5,47
d0570b30f,82
ec68ef123,48
31a7d4530,40
353d4bd0e,76
7ff8d6f85,48
5d3cac88b,75
1be394776,49
8756842ba,102
e43b134a9,59
345f66bc8,13
103a4a0e6,67
ea6121903,68
8faa5deef,39
dc8dc1ad0,103
455ebacb0,95
87020b1ce,71
4ae7d6827,101
65b44f1fd,25
3df11cf29,49
c0f132f35,102
1157fe26d,72
0b3a02b48,53
fbfd9cd87,78
83e64f32f,46
5f274a6ad,103
031a7c19c,0
910b97274,42
67dbffd24,45
e3ce14f38,48
ec9d1154a,74
95ca52d65,53
7153f9700,96
d09afd3b0,77
ab54ef65b,7
04758b7d2,56
487fc089f,87
b78fc427d,83
6afc9ee54,16
7ac6f5ed5,4
46002f8b4,103
22149c3fd,67
212081efd,86
5b87d8d4b,43
8c66b87c8,7
baa258007,25
5112d23be,53
2994ca253,71
2013e7b99,10
d7e737749,55
ce60e5f2a,57
13452bf5e,7
57d3813ab,47
6d00d0707,76
23d5c512f,53
2deaeb284,38
c87c12901,30
c2fe4e836,10
4a3bed1ab,67
f05894941,5
30bfe5b05,54
5c71c2638,48
3b6e604d2,67
d92df455f,102
887cceb1f,45
db0212bef,14
c1f7fad28,53
8d5494b6f,49
6ab2a7198,80
26806e9cf,87
e45a81eb4,4
ac63c6d38,29
d98cbb36f,95
0fde7a334,74
79c44e828,103
41dddedd7,52
0fedbbf5f,4
b2684281f,25
1baa33eaf,80
3b518d13b,73
ca256fab6,0
8c0995d82,7
c86b6ee78,28
6f12632ac,9
abaee2413,78
8e681fe39,28
168f633fc,67
6ef2473d3,13
a13beee25,25
91a2ba8ab,94
b5422eec0,48
e23369e1c,62
76e3166a8,102
6f238770e,62
ff889e23b,70
6201345ad,53
1c30e72d1,73
b0c7165ba,95
dd6301145,55
9c54f2285,10
7b1773554,59
41af5743a,64
15ca2c59d,81
69e5888fb,73
b7ad587a2,54
6f2bccdac,77
083109f62,78
c9db9600e,52
4434ef42e,73
f3300dab1,75
501117624,48
6fe85feee,53
4afd6043f,68
c5f7f7fe3,68
5e003d916,87
d8d27a914,4
64581ef78,102
3a49d5a25,4
2382c277f,75
82c3b7f7b,10
8d4c9f88e,18
aa5c575fd,67
85c2ca274,51
977a23c97,102
516a450b7,56
dcab7fc67,94
84b9be4d6,103
d753dc261,7
3756769b5,85
9b7ad01b5,48
6fbef3988,97
e44de523d,86
92e74b080,51
92ec435fc,14
c87bbe155,13
48b84677d,32
2a499fa40,67
7949b71c3,67
b8bfa2b50,13
450d37a38,95
319a4d6d7,77
4250ed062,25
57f7948f4,63
f92de8523,29
e91e87dd4,48
f51e1baf9,6
b52dcfa52,82
8de4ec677,102
8d3aa53aa,8
b9fb3d0cb,29
71d39517b,59
2cd58674e,62
5fed86a73,49
26844c8f3,77
b9ba7799e,13
fc4e189da,4
92782ef45,102
ea95803b6,4
c08671252,28
353bf092d,81
f1ccc8566,74
5a4014213,45
cd6748273,86
813efb8b3,83
82aa265b0,45
5528db727,47
4a9a2ca92,103
e0f242a92,29
54296cd42,88
6be94f8cf,72
e6223db31,7
f552eaaed,83
41f7c2604,61
4f5abe367,45
2fafd906d,81
624196c26,67
e9178e294,4
2ec187152,16
e46dce22e,37
9c64cb14d,90
3b2fe5739,25
5002bff77,103
5ea36cf54,36
95ab27ba4,67
1eb8876a9,78
08b4c02fe,67
cb5c98667,73
224416fdb,91
114c7355e,0
6ea2b0e7d,67
1e26604ea,21
bd612f053,4
048596edf,49
7859791b2,88
1aeda3f6e,75
dd103a297,41
7257ec39b,75
4acd9d511,53
d0cd8ecb5,0
7d107974a,50
5acae87e6,0
27178e6d0,86
40fe28512,82
14fe67e77,75
d829aea86,49
9f392cb03,75
7d5d89bf4,91
b846a9ee6,101
23a1a3753,45
8d36d1fd7,7
42fbaf02d,100
52232fe3f,49
5df38050a,75
a0add49a2,13
df89c0568,69
9167143fd,46
903a3ee76,45
bc62cedd8,14
abcdf9705,41
116b7f1b1,67
3758eaf1d,21
990ca8dc7,103
b91c00f4b,102
8899c2050,13
a8740586a,4
4efdca978,75
4565dbe4c,57
3474e728f,102
5413350ec,91
206696cbf,13
6dbf25622,52
9deaf95b1,89
25b6d41a2,67
67a25ece3,93
49add67af,80
d702d0c15,41
57f693d04,48
8695f4633,40
ae78a484f,103
b1845770d,41
d0b48815a,53
0b1ddcd93,75
a20b7d9fa,68
9011dddde,82
b30719c82,81
1a2ba059a,11
ada4b9362,3
0eb530d0d,25
184b78ad0,67
7e512d140,5
e56916c4c,49
a81b149d6,49
1a751ac8b,47
2f36a9903,49
41e36fab5,73
6ba2f9b54,13
a038cdfb1,103
20048b328,18
70501f63a,49
25b1a1971,14
cb297624d,91
9a513b251,36
dd14b70c4,102
07283a3e1,103
b27c04f88,31
ca1b7fcd6,102
02e2f1ca6,94
757541c30,22
209b4da16,4
217fbb923,96
df3b6edcf,51
acaf761d0,73
eab53f47e,69
a0ebf07d0,17
a2b499115,70
d665d6a8c,80
bc45792c0,103
2b5d0e5c2,72
0c548045a,25
aad6bc2bb,78
3daea4675,5
5554ae705,49
ebb1d9137,102
c1553af6a,8
32b46db46,29
099a2107d,45
4289422a5,49
ae2b1bed4,75
e46998f4d,103
ba9e2d304,52
a991b14c8,75
6a273ddf9,68
26d9a1072,78
ff02d53d8,29
b9f422445,13
3d99a3247,102
d9d483387,4
cc0db3719,48
e109f9b0a,68
dd33bfef9,72
b5f49135b,4
15f331c1c,4
9c477d377,75
832e7cf1f,36
048fe3ca8,75
801b2e0b5,38
4719dfcaa,75
c63f5d38c,96
370c2501b,47
2c6e87c72,94
a97dcebf1,4
98f62f563,69
359625cf3,40
ea41e95b3,93
0cfca4a37,46
69a3de639,76
82c248395,45
117831b8b,47
07550addf,7
caa1dd6ea,50
920247fd4,96
f68529efb,4
73f18defc,93
1e8175d27,17
9dfc925a1,80
80d50c469,103
0dac4246a,86
3e7922328,21
906ed5d8d,10
8fdb0b741,50
d78b3b629,83
ff2ebb52f,61
9dec6e6da,84
d779dbe77,47
6c5cbbdf4,40
b125a5970,54
4f06ca2cd,67
d9bc877f9,103
61ff4902a,4
b382faa85,42
e71ab3905,47
7d6edd6f1,91
39df767ca,86
22c98bd18,72
c33ac1a9e,4
c4c802142,49
4a530e1c1,80
d0007cc98,13
8bf87e69c,76
393d8efdd,4
10acd2f2c,73
fd704758e,103
77d850f7e,27
8d6e9cd06,93
57ca642dd,102
8a48a97f2,76
c128b1e28,29
82dd63dbb,47
032ca1556,4
1abc6d06e,73
ab0af1000,49
3f1a86245,90
f2cb54027,10
04d9215b3,4
54c0482ce,89
fc8428025,49
4591d2725,0
077e33f0c,89
4d4c87a41,79
34438649b,90
d97f377fe,19
dfc9c6a23,103
847402c34,50
8b4b27e9e,48
973172c57,102
45e6036ff,53
8d808a07b,53
2476c4270,9
25e91d523,78
42b92a427,63
4bb5dba59,0
dbff9bca9,77
3b197ec5c,102
53622739f,72
d3d08e737,32
4c742de40,67
7ae791f04,88
4af75b596,67
015a601e3,47
3ad81fa96,49
465605e5b,65
d3ad608e8,41
6959092b7,53
64a1bdd75,49
d35565c6c,4
2ad779d27,4
e3fb7b8e0,10
0cc1eccf5,5
7d2f35248,103
b3d9e6b6c,4
a5d301249,74
9556bf430,83
a85a06d9b,75
6387659fd,45
464b2b309,53
efa3cd848,70
67a4a4d91,23
a8c934e35,4
61da47774,73
81c8c5199,4
c0edbe84c,95
269d88554,25
f2a97a3bf,67
22adafc7d,16
5398f55f4,73
8a89d3315,21
b7f261913,82
7de565519,79
4fa678f28,51
7799eb3ef,48
6c80cfb8c,67
a67c5bc5b,53
f096291b7,67
383ce35cc,28
e45a03866,68
9416364da,49
29f49cd83,82
386e40044,14
bf4bc1677,42
071eaaad4,90
97808297d,24
cf95485eb,102
1ffdf0d9b,62
485a5ca01,21
185f4651e,82
98bb92c1e,67
5ce48d24d,76
dd4a193be,9
f985ee0da,53
9403b3f86,68
fbc1f1f89,49
a430b437c,4
502aa0fed,14
7f5e3f4d8,74
68cd38577,74
7c2d22784,43
b9feb1bca,93
b2b7e722d,103
a10a0b280,47
c301cdf4a,80
3fbe83f91,53
501229169,50
dbff359cb,75
6d7b4a632,48
967c6bf80,4
25d63647b,47
109a722a1,49
3aafc89b3,71
5c9aadf3b,73
e64905c2f,4
8da1e9ab2,73
8c17a992a,48
0e1199571,4
54d263a8d,0
7aa990232,24
e09c2b70d,35
c6326ffed,102
fdaf286c6,14
89f46bec2,4
c9cb86f46,50
fdf7c8fe5,49
7b46c52c3,73
b688ee356,76
65c796a0b,48
63de51e03,70
f9acd27a7,4
829bcc49e,29
3a6847333,52
0b027c740,29
5608c05be,67
627e5cd5a,19
e5a6a39de,4
51507f7ff,42
700cfcbd2,69
1972bae11,90
1fe3921d9,103
ce824d546,76
18c7b92b8,41
1d145016f,0
d59fc6634,91
d5f6e40f7,69
05ef686b7,102
8429cc1ab,86
ffe68f250,44
a3119fa46,73
5a11b89db,68
b339d0a61,103
320890eb5,13
e2372e47a,54
186a8ff9c,68
d70fac2cf,77
407b393a9,53
cfe6b80bf,0
632b5d37e,67
a0b262e40,12
8f4a554f2,68
702b7fc70,94
c4c9b5dc4,49
50749d154,9
c3194a1e8,69
d31117d38,67
b3411ee1d,49
4e686a694,90
6291210cd,103
0d6befa42,9
012e26395,50
a7f1fb92f,67
209e45144,49
fee53d77a,73
e0a576d7f,10
19e239913,43
cde20b1b5,4
2b1fb675f,46
329793680,102
4b9e61e38,28
d8f8bccc5,53
9a4c23eeb,103
25e5d12e0,67
77759374e,42
704dfd7e8,86
5e56f69f6,72
1f411d101,95
6e7629a9b,81
c5d48fbbf,67
582dd5eb1,73
63bcdd5bd,21
1fed3b30e,81
e690ff8ae,67
4134d5714,71
fc85dadd3,97
56737d31f,67
de4b24dec,87
1363038b9,102
b57f26c3b,73
816ea6eb9,53
d228d4fca,72
8482cd4e5,73
e68152d61,4
20a48922b,15
50a645c94,37
37b17ad81,103
6802325de,17
73749e7e2,53
3863b7205,49
62e32ec91,0
ac7c6ce37,12
9a2fc15d3,13
33b9d73b8,4
67ecf7563,42
807ae65c5,47
43c7672d1,103
ce6f860f1,33
220b46a44,103
b4a235b93,13
274009fa1,40
5287898d3,25
83bb94c90,52
4dfdf7a8c,98
5de25f69a,67
7b9220d4c,93
842be06bb,47
5d0b6dc90,49
8d8da7a3e,102
7bae0ab5e,76
4a2dd1c8f,93
6939eb499,14
82e9c6954,50
11300f71f,49
6bcb5a502,20
6f6009530,28
1d762bf2b,4
ed849ee3c,101
b9bae6b0e,34
5e166be69,82
14b62edb7,103
40cec32ac,73
b4405e586,67
d8a5ce5ff,48
55603d86c,43
0bc95b595,4
f67596886,103
b9231d9bd,54
547815be0,45
1cd461407,1
a4d628083,50
6326ba8d9,72
d1b3aaf63,86
440128919,68
a473f26bc,103
5345fc847,103
1fea6253b,94
282dca22f,47
27e7900b8,91
c199140c3,28
ebd745005,13
98cd24c97,4
d9924befc,59
8801493cb,95
fd33b68d1,67
dafe76eea,93
0835292c7,0
fc4486b5e,71
a0dfbd411,76
1ca8e07c2,50
f9c5a4820,67
01f76a519,18
6a414839c,28
147e5ef99,102
4c6264df6,73
230b4a95d,43
2ea467d26,73
343f4db58,67
39c5bb98a,82
49ebce8a6,71
bf3116d78,82
3569ab6df,41
878cb5b42,79
e028101c5,14
33a504d5d,87
4091cbb29,0
fc4e90060,67
df16e4771,11
aa6a6c73d,18
8b23979a5,63
e9471b958,76
b8fbf9eca,42
24aae97eb,73
d12204c77,20
cee0a6466,49
481c58d57,68
96b039170,21
708c1099c,51
1eba038ad,80
29a77c458,13
cd20c00da,64
1e2c7b899,5
003b89961,49
9de01514f,0
5567bcd26,49
656851f72,103
c3ecbced7,75
e4c0f1e32,103
ecf751fe5,18
5622bbc0c,68
85c997028,80
f26f199fb,17
a98070f17,49
b57dfb28a,25
07718a208,73
817066a16,4
202b90ad1,49
f8d2fe6e2,45
eb7854187,47
0ec158f7a,101
536c83e57,4
41a1ca700,79
e345afe29,10
8c102e395,81
bfda38c44,48
db4a05f64,62
9e006b3d6,103
4b4223c92,14
b1f3717dc,86
fca2f698a,18
0d613de49,48
3a9ac1cd1,49
6318d6cfc,103
b24b4ecc1,96
23c567b03,93
43382559c,0
da0416b3b,13
a69c80256,48
789e0279f,24
c6492c817,67
c3f6cd0e0,28
700fe6ff1,103
09bc0c309,53
9804741b6,53
f80f02286,102
92e7e630f,11
256e89fc6,85
f4672d1aa,80
8a8eefe09,67
28f90d5f0,79
a497a8c2c,73
edbf64b0b,48
319090100,72
0787857e3,60
a9cb1cf8a,18
adbd3dcf6,24
9dcdd11ed,75
34d736b06,4
ca3dd51e6,48
79335a465,103
805a4dfb6,72
b84a40e10,39
a2ca3206f,48
ef9591f3f,47
85f3749ca,4
f95d4b24c,65
c8aa236c5,49
83abaef21,103
fd34d7c8b,52
cdbac498f,103
17ec6d74f,82
dfb7f1e61,25
8cf4b952c,93
0542511ad,4
93100914a,4
439c8664a,86
61e0f377c,67
9f905ae2b,51
1162b2c5f,95
533d4492a,56
c354e0d67,42
512aaea7c,25
498d46ee2,86
218e61006,17
4ca32d7d8,66
a8e11ba37,75
3bb893d48,49
7560dda12,49
acc377b86,41
d69a2d62b,53
11ce56786,29
367f31c9f,67
8bfb79995,5
1b07b0a53,47
738af3f29,67
12fb0107d,77
926ed805c,7
3db5a2d90,48
b04f7be54,24
37525f380,68
736b7b278,14
846099053,93
c8d684975,29
2d46aba06,73
a2e477d6f,102
a73efac60,81
52a88af32,28
8f7809cb4,74
23b33fd15,103
c6c801e09,67
b57325fc7,53
058cebd78,49
02c52b451,4
b3b55322c,73
bce769fa0,13
01c633ff1,74
bc4c39336,47
b1296679d,75
9fe3b171a,61
6a6689958,14
c563c699e,73
624d36ae0,52
fb223c3be,46
baa0d1cb2,50
04cbe7a50,97
9a1c7e11a,53
4b8a4a3da,14
4bef06f11,53
a41d29902,103
aa2b95145,92
d83d3fbab,90
a2d7f197c,103
20ac1c597,46
56f6e9dca,67
8ccdebad5,48
b8a90ad87,62
b0e07a930,19
3b6693e00,14
7a0cfe114,49
f8b87bb44,87
42f3a0c03,13
dcdf04ae1,67
c77c99cfa,49
812b38844,103
1b7aef8e8,79
6cbca5559,42
cfebc1eb9,47
43ac410fd,75
6021f47e4,102
297d94118,30
9333ee3f5,30
6e045ef23,75
07d138d01,77
0847f61d9,73
d8f9c9f6f,0
e958b63e2,65
a67769dd9,95
bf4c39972,4
341eee5b2,21
7beeb67c3,47
0b1605a22,47
7e8d0ab34,48
c67858398,14
ad9a77e7d,0
f7696fbde,13
4dfa64964,70
9b7918a64,94
232a50a3a,40
bf711d50c,56
b67bdf3d5,13
adce755bc,10
3a81df4d4,64
067c659b5,103
6fbdee8bb,51
0bfb74564,80
b4d954bdc,80
1327f9bd0,53
6c1a05ed1,93
bda439192,50
7315d2e99,82
a235500d0,66
88e754f35,41
42a9682a8,24
71aafc964,53
ed219c7f8,25
5f813832d,4
743c74763,90
53d9b87f7,46
9fc75b12b,67
033f56581,21
d2277f8e6,0
6f40daa0e,48
a62dba9de,103
79e573478,88
33d008671,81
6a63a8764,73
0251a7082,4
d14901985,4
6abdbbd7d,68
18ca651a1,74
523ec62fa,13
d9004decd,47
1e71b66ad,58
329581d4d,80
c3432750a,4
20563ebbc,67
795083f79,4
05dc093b8,79
ab3210eac,75
41163300a,91
da4c0be52,68
088864629,56
49f98b25a,79
d4c799460,17
d7a9e0691,53
48f82311a,9
8c39d1b41,33
5bcf739c3,5
985c8a491,23
debf90490,4
84fece524,102
fe6889fe9,87
c8f0b4717,77
ac28e9c47,76
3e629f05f,72
ae2864464,88
f8221646b,46
4bc167a81,4
4ea1d0d52,53
5ba637a6f,73
45c6bef70,73
31ee17f77,49
5a543e058,49
ad60c3571,50
5f024c911,21
c2ddc15a6,80
b8741ea9b,100
738989c7d,14
23253eaed,68
754250691,72
d9268cb57,37
3beb40bce,7
2b5c4fa01,81
841a4bd7b,72
95e3375ca,4
01ce7d2df,12
c293ccc31,94
10f4c026f,65
6a3e093a7,91
0c295f0fe,18
be30d241b,67
8cb48a7e4,43
b241ccc78,0
c081f5b7f,45
0d3269c35,4
2e211accd,67
87a192226,14
7683668d8,33
03c54f05f,67
b2662c86e,94
924218498,53
c3565844a,102
0c6b189f3,67
c12330d34,48
19f18eb63,55
837a91c2e,49
8012c6779,68
40d992dc1,73
bcd08a7dc,85
bcd68e6b2,31
89e7620ff,48
f2d41d6c3,4
a6ef2c9ab,49
1f937e111,96
83f820e61,21
76311e00b,25
99f5a507a,67
492569251,88
8b293a45c,82
7d7a8baeb,25
054412f7e,55
7fd945d34,47
7271d34ab,1
fa53d140b,74
c359190d8,56
3f7a7e0d8,96
7ca677dde,67
584b3a955,67
826712f91,103
bf679c82f,9
f3b8a1077,73
9950111eb,67
8df7f4638,67
4c4fda276,103
ef6a25c92,13
bf195e5c1,48
2f460d807,4
629436111,76
ed308c95d,30
c4e7f3aff,52
18ad828b7,69
93c15dc29,71
47f7fcd87,50
26a12de02,73
6f03f9497,103
92b24e585,87
dacefb140,17
1dae04aa5,10
f0a66df4c,103
873590360,75
8a5353b56,67
6ee6d6c48,53
37fdec841,93
e98492667,76
5fab0c048,40
eed32e9a6,77
0ac5ebf0e,52
7ebeaec30,87
156c0950f,72
eb0d37eab,13
c92cdfeb4,14
333118494,33
d7388a066,68
0422f8181,12
79f93fc6d,67
4c039d563,103
9a3fa2c38,30
a40c5b66d,62
08bee6dbf,93
7e3369c19,48
04a7f34aa,67
f0ca69363,25
0ea779a14,74
915159fd1,28
676bac625,69
1d88115ad,103
377b22380,96
519f5b078,75
c17b6ab8f,17
0fdf5073b,68
e4e16eb70,103
72b3fdfe8,67
4d178a6b4,73
dbe5bf31d,77
59f5594d7,13
b74047d71,85
dde25205a,71
1e28c6a4e,41
10950efeb,81
53d1111f9,103
11cd8f57a,92
0ac2378b9,86
a19256173,48
ecf64f4f9,13
0a2e4e1f8,68
6d0419afe,26
17d0be640,75
8a952300f,82
1a5872fb5,65
6504eee67,4
a39a47b84,0
250af268e,103
c70d94083,72
bfcb81efc,10
14ffc1505,40
94da0ee7f,102
41230fe49,49
693fd2ef4,47
a405112f8,88
f8b20dc7f,49
142929b13,79
8005ccb52,77
eed18198c,21
e8a6ceac5,4
3d95467fe,88
4641d6c81,28
6cd33c3ac,4
42dc18525,5
f7ec97ce1,93
fac7af031,96
f69355cc5,97
d4ac640c0,7
bf6653e3f,67
337187c30,67
e8d0e382a,90
f229ebf45,80
cf9cf9368,7
5fdf59f6f,29
007d156b7,17
464b3976a,52
5f66aedb4,5
ee83eaa8f,84
3e17385dc,68
0721c0bc0,53
fa612d18c,76
33f20f40b,4
58ff8f465,49
0fc65150e,15
1691d45e6,59
f1f288bd8,97
0be81ab06,72
e053b45c3,67
4a03138df,49
876b105eb,90
d6143b4d4,4
f10545931,35
3da7e8585,78
683ad13b4,68
50f33fc4a,89
0bdbc4859,48
bd4976820,4
ce6b9b704,4
6d8ba2cf9,55
132ebe116,0
1f750d4e6,75
903bde9b1,49
855229539,77
374452b3b,8
cc3b595bc,70
0fa462f68,4
6dbeff852,30
94cf9944d,71
5f2c16024,12
ef591cabd,23
9294f2050,7
50a98f706,103
5c6e09f5b,13
b63ea2bf3,79
155727e57,73
f7107a3a4,62
329d815e5,93
07ccfbc89,53
a35a4626f,102
026d342fe,93
1507fc4a8,49
0e5e79e60,11
f18412796,0
6c3ecb861,14
5153e1522,13
f90aea0fd,95
ece8721cd,53
a5b6a29c8,59
c3d234832,30
38331a6e7,83
2cccd8e5e,46
b65acd50b,13
c18a20c3d,47
033c8773d,72
4f7f265b5,95
366fd6686,66
a4c653f29,46
916ee9985,13
8404dd232,79
bf9e90a5c,8
edecaff0a,67
b56ccfec7,48
2e7fad027,10
9cd6277d4,101
97ccf888c,103
ac8d33b0e,103
54b876ff5,83
6f81b250e,29
e163f8333,68
92d447000,49
958e9761b,48
719e9e88d,75
d0a99b293,67
e2b90e868,23
5a330e7b3,86
df01d58ca,87
9040a1e5f,103
43428f900,80
413305146,10
c5c1962bb,49
abfe5bd86,99
027ff9d9e,83
6cf44ae8e,88
1ac744f9f,81
e69a97f86,47
8228ed988,14
b0d928a20,103
3ed70f179,71
7d2140905,47
07f10b39f,70
1f0642fd4,85
7c734cbb4,68
f2d9b993d,90
2d0fa50dd,96
bdb951b2e,45
ca19d9909,73
0a4ddf5c2,72
a8ba067d1,77
28f52a866,29
5e287a0e3,103
07aad3ba6,41
147c34f21,39
5c8d0266e,90
2b8f0ac5d,4
3b79d913d,102
089c2739f,20
994b891a6,49
656c8e1a0,78
a475599ad,14
44d4d79f1,53
976379adf,4
6d75535dd,11
4347196c6,83
c980fa8a5,67
ac6d42eca,73
c832cf426,73
0b9afbdf2,14
531165006,103
ab6404be4,29
11b363237,46
ae9a70845,83
d97215599,13
d7c938976,100
afe1e4f66,73
9d77e8b46,74
94b493650,62
d4610121f,45
b9e513369,87
598a1c3d9,68
ec09668c7,12
856a55f6b,75
e7661164a,103
0b5c8e646,103
e66879b66,103
49f864fe9,79
6473786a6,103
8deb17128,103
cda807af3,4
828abe04c,13
328aba75f,1
b6559ddf2,50
05071bc4f,73
f69a85264,62
1b0684dc7,4
6d2e2b6a2,78
de757dbb0,103
87a37b4cd,47
e8612373e,75
8afd1d330,47
07a4b0444,53
a622a8c05,81
2545ad929,42
03333ea62,70
9264502a9,57
8794f7787,16
ffccd38bb,71
4c184156f,86
ba32fd161,75
1da642ca9,103
57d893ed7,55
543a799bf,59
c1e39ffe4,4
15bcf0bc5,79
fb532209f,46
7775f87f5,72
6db9ae896,67
3341a6efb,77
9419289bd,75
69a2f544d,88
931e94184,47
40ebc99bd,4
4f49753d3,103
f247352ee,39
4d05e9395,83
e3542e88d,53
22cecb30b,4
85aeffc62,4
4e19a3a2f,65
e3b70ca71,35
ce028c60d,46
d50341097,70
385906707,48
29040ce6b,4
1461713ad,4
b8fd3b2f7,75
4171d3272,91
d4350350c,71
81cabee91,7
a030b3e71,103
a7f5360e0,4
2669b2dde,75
4a1d07383,49
3e0dee547,48
45a702ee8,62
cfcd57260,69
cd4179139,4
cc9d66275,65
0072f64ea,48
36d4c70b5,29
c7acfdba4,53
ed55919e7,88
dc826db21,11
bd0d92568,72
408fc944b,36
cc99ce5cc,0
136b3c7b2,57
894696267,67
a2d5f3e8b,72
c01254e45,87
6e979324c,93
9e3ca10fb,15
ac869f858,47
064a230b7,77
656ea8ca7,53
47830a2a1,67
cbff5d0c1,48
50ae0bab4,42
0e5ddc603,4
a8b29edd7,83
c2d849108,82
e881c39e6,102
dd4899180,103
8df2a19b0,62
776074cae,52
2c8f66cc6,48
e210dc4ed,103
8261e8f5b,67
282e04df1,46
5b646246a,43
6eeec13c3,82
455c7b67d,50
2c8b6d457,93
fd5eb7e8c,0
2e494a369,70
919aa404b,13
93cdaddc1,57
05b14593a,48
d1993c898,67
a1b523d1e,86
f638bd582,67
487a6f05e,9
6009ca42c,87
c590e76b2,8
fe1669ffd,75
f9096c83a,103
57b85fec4,22
218676c6c,90
f6f80e6cd,89
df5a78c3d,67
5892ebde8,26
8168ee82a,22
6d233727e,11
2d6826d81,67
9d9654afd,13
e4e3d8a4f,80
b96a82543,50
546ea2a87,67
8eb64dc4d,95
d29cd9c2a,0
8ab688113,75
1161f79f4,91
ed7123e07,102
37e16acde,75
2c54bc2fb,80
fb9a6a9b5,67
89c87633a,91
570029ba3,102
08a7d77fa,98
a76407bf8,30
62822763a,8
146fc86a4,88
4d9a5c0d6,97
ddc839a0f,82
916834e2b,67
d56664e9d,74
7dbc5a9f3,13
436f2b8f1,88
44af20a55,88
06a1a191b,49
6ed6b136a,75
0c56833c4,103
049402ee8,102
8a5e8c715,27
64dfb8137,74
b8c5eeb8b,4
a391d5adc,48
398744450,100
b0b2364f5,68
8d2997526,7
4dc902039,103
12b48d46f,70
fb60964fd,72
024ecc6fb,77
689a0fbd7,44
01163c5e2,103
39327a0dd,103
5eabca233,23
7c9adc043,56
fcb1d086a,30
ef40d788a,68
fb745f800,47
ccefc605e,30
c5f4134e0,102
65ad21fda,4
c511b01f1,100
3d9c51d3d,53
f0b002c23,47
ad34c1f34,64
35c39adf1,40
805e9a7b0,4
662f45b2d,4
6433f1917,67
d4a2a2f29,76
3127f8637,67
6e16e769d,68
3af79d01e,74
be75bee29,47
be7a473f4,53
e82201f68,53
e08032ac1,53
b034c82ce,80
116dfb5a5,55
6308fe124,68
11f448738,63
026d4082b,94
991b607de,80
a0925df64,30
070a1abea,49
282419eda,67
e8c36457a,87
b82ecce8e,13
92be2245d,6
ca1d1d65c,46
80b87cc06,49
48bf5c6c5,67
478e21c30,14
ebe718ae0,52
e2ef28251,67
576f07382,13
8848222b2,83
96df0c6bc,73
fe6991e3d,48
681e2b154,93
5bf457360,103
7f19952d4,64
90b57e4a0,96
eda0c70e5,86
db789a901,4
4546ad0cd,38
7eaa17466,51
aeb6e32ab,83
fabc19e97,96
c4970c739,67
f441c7185,28
b1391f097,103
200cac2fd,47
bd3bf8f16,72
6575f6563,74
cb697da69,94
9ca216086,49
046b83571,4
9067fb1fe,35
b1de2b162,103
aec05dfaf,67
5db83d658,103
68b41d014,76
832bbc430,4
c63df66ce,28
d6c7e918e,95
ec40512de,12
2873bf12a,4
38235ae21,49
94ef8e44e,9
138275e36,71
abf65b6e6,90
dbed4d8d3,13
5464a7e4b,95
735b3631b,95
1a902c080,49
3920794fb,51
8a6ff36a7,25
c3b24720b,18
dbeef740d,81
adb78b73b,48
85f57ce0b,4
040684077,41
b7b3939ca,79
8e2bff6c6,48
bd4f8c863,68
f0de6586c,93
2af766509,21
dfff0c929,76
a3d8cc563,33
5cc793cd8,71
7012b4533,91
0feb4e2ef,10
8cc1fc2f6,86
5edeca301,74
9f80ffecd,62
eaa6a3f7f,73
b15603bdf,4
38fdf8c81,80
eda20ddee,14
3dd834459,67
eb92d9778,17
2957381ac,13
bac490985,67
a855179f9,93
a11b09e07,0
c46b163d8,40
d83b8cc1f,96
e665e264d,4
86dbae006,52
c8c7e71fb,95
cbb2dd81a,69
dd20b2594,62
688223573,57
056767c8c,14
a6ff6f81a,52
33ad24008,47
5d06b5c76,41
476283f9c,48
a6ade9e09,28
61e87e199,30
b845a0f00,10
dd613b9f2,76
001e13533,41
654504abb,67
bdf131dae,59
8d9185540,102
6cf753c72,18
a51b01392,90
ff5d4568e,62
a2f66236c,102
609230590,0
a0faa7276,86
8c59b2b7f,49
6a3ce1e4f,4
72d528c13,39
73633e6bf,82
30d9b6204,91
5c597c7e1,79
ccbe77cf0,73
61547bf69,103
1f1d99593,60
491a37339,16
6b5cf2a71,53
64f9d993b,58
1b2d48186,16
2b07811fb,83
27391414f,103
8e612d36a,45
7cac453ad,71
24bc9be2b,90
da0a25a77,73
4fe65e8ba,49
c162978be,13
cb05fa534,33
2a18f7ed4,3
21191d2da,73
eb0a53a24,13
fbceab432,10
8d44b6bfe,79
cb3ffeb02,37
c1573a6be,102
1837b91e3,87
c76daa7f8,7
c37a6f3e9,83
d539aadae,29
8965a61bc,76
fab2df372,73
8a9b13bef,13
59d1b6146,70
ea86d7b46,72
240e151af,67
514b8d03b,80
54b444711,21
49c1a8313,73
419424bb9,67
03ac6694b,64
d28273036,74
9d4d22004,68
5252bf766,90
d98e07837,72
da0fc52e5,73
88a7e7bcc,88
2367b5056,53
a8d7d90ae,67
911ecfaec,69
408db7399,53
f6482ab55,48
625ea352f,19
380c9c318,32
cbbc6e017,82
39a628cff,49
5ed174c75,96
4156a2861,76
2bf04d18b,71
f353716f8,77
6a8de3c09,90
a9f0935ed,49
e60c3bf54,103
5d0017929,91
558548e53,67
66574442d,18
9faca65ce,50
ce5af8fc3,25
529e8c1cc,82
d782603ae,53
2b4605245,29
7cae1c547,55
2461915f8,102
5a83e84af,76
aa1db9aef,89
50a1849f4,73
6348a7b61,67
f534d4ae1,76
f0da19dfd,79
2a0dc41cd,35
add649c7d,42
cb22250ca,79
0ef6541f9,32
280b71230,49
5cd55d54a,0
64027156d,67
8b15247f7,49
7abf68943,67
06f00d362,50
7e4a5d836,82
7f5d5cb8f,13
0240a9430,0
f9dcd69e3,67
b2d223ece,48
9b442480c,103
cfe74bfdf,68
5574a3c79,71
b52d8f0a2,47
65bd3368a,38
760ce7b43,95
d6694bd34,72
fcd2cb7e0,49
97beecd94,46
867374cad,103
fe9040ec8,67
084919197,67
18377be3f,18
385bb724a,102
81d39b116,100
030364f27,41
139bec7ca,29
5eb03fbd3,67
a7caedcb0,39
cce4b16f5,36
6cd161345,4
0afbefa46,72
e256b0ce1,67
8128b8af9,48
441c13b73,73
de06ff6f7,82
9ebc88cdc,4
6e60eef45,67
a810efddc,58
fb67e5172,53
57a59f1ae,68
0b3c9e1a9,14
2bb868394,99
8ad5daf80,75
9d624affc,45
6de9b2572,45
a829407c3,7
0905820a2,96
29f4ab45c,102
4dbc5fc3c,103
c0e30a258,62
31e5dda95,4
4c9f8b6cb,95
9db76cdc8,80
1a96992d9,67
44e4c1b98,67
ce6b42efc,53
75d3452c1,98
6e3716497,30
71ee25b79,48
e9fc9a217,47
c3ae73094,74
8d8f3ee47,56
c62460407,90
6d984df89,49
896467495,70
559dc9594,22
cdfa5a4b8,74
e1d159561,93
d97675b32,0
0313e231a,47
014bc73f0,29
e3e51f37a,4
b83336a9f,4
8d4368f5c,0
9c73592f0,67
dc680460e,45
3912b7506,41
c74e100ff,69
369e356df,28
f0c153cfd,40
931cd1858,53
8dbc94744,41
5817b58d8,62
47c4e4fce,49
7273b1c6e,67
ed8f1770c,8
5fc2cecce,86
dbc26a259,0
bcb18c6e4,103
69930f05d,53
c9d5ec522,75
674e50421,50
8b7fbfa1a,0
2bddd2904,73
7b1177392,77
2af4172c7,56
fe0e1d7c2,72
40073bdcc,67
b080d20f2,103
b3faa4ebc,71
1c7354786,51
d96704410,42
cd27460a9,103
d6a792c0d,40
3b932fbd0,95
5bc1503a0,71
a6c8a28d6,67
3f3977d40,73
10e3859fc,8
2a98afbbb,96
69e41bdea,49
81f2fa04d,50
e237880ca,67
32d710e55,78
64f0cfc26,64
f247862ee,10
8024a233d,14
a53fc71a1,47
1e91a06c4,53
dd7ae60d1,55
ce5f6dcef,87
bb4688502,53
fae67c6fb,24
101551fbc,96
eb2216bf9,0
38bc8b746,75
8a223576f,67
416b038b2,67
e27e698bf,4
edc3e9332,96
787578be9,82
4698789b6,49
8a66bd5fb,49
3f39dac7f,1
157924ece,41
cc9db3d3f,49
f557afe91,80
6fa36a899,94
8fcb4c7e3,53
230302d1d,83
21d31d208,48
1d149bccd,13
e8add9fd5,28
8b01cbd62,4
213cea039,76
4a9f824f6,67
d483748e6,71
8b11c130a,49
94269c190,73
8e1e85931,76
fbc29acc1,4
03c9840a9,30
925f36b79,91
4a99afdbb,16
bcde05c42,103
979be015f,70
d913c762d,87
bcb73b724,30
11db2e1d4,51
2fa8f8b85,67
73ff3946d,73
7ad932a97,91
486d538e1,68
06846ff3d,89
ecdb603e1,68
c54530ff1,48
1c5a3287d,103
c83f746ac,48
28dd39f92,14
afd01aca5,43
3c1645928,13
f50280136,57
5cc2f95e9,90
1bbcb152a,102
2b95366a8,0
da2d9bde4,103
da6f46b28,52
4b57c7aaa,73
d0bb3317d,36
f0e6a679a,4
377240bbd,73
ee2ee5186,87
d9a466069,95
abe2e74a6,93
b796fe951,49
4cf202ebb,53
99e7f0526,14
f0f7be744,21
ce17d08ea,82
41716e097,49
02b01a158,103
d2cd8b9fe,74
3b0daf5b9,103
cad0e063f,73
3bfb94587,50
bad7b9ba0,49
7dce481dd,103
30b7ec090,98
35a08a010,4
78a91fc04,93
4dccae9a1,53
29a02c757,63
5febcda99,5
dd102e397,103
501396f2e,62
01262c8b3,67
ebf692344,4
3b39970a2,95
c50fdc486,56
4dde25dfa,7
d8f64062f,53
6aefb94a6,18
1aebb60d1,1
3f3cfc6e5,103
2daf558c1,12
e1a0d5f24,17
74cb419cb,41
be953b60e,102
5ff30ec8b,71
5172a3da6,96
888fb3305,68
8d8c840c4,73
72c2a5cb0,26
5934fec49,13
a959c7034,14
757e27b6b,47
ec55c0f86,4
974d0a175,60
18d6844a0,49
2bf69c9a8,93
a85e27a09,51
266ae8451,67
fc6fa6753,62
a97f64861,16
06d517e80,82
b5860475f,37
2cba09f03,70
e72d6bcc9,67
869035e2d,68
5699993e6,14
f6d873abc,16
a1a26657a,50
fd168583e,4
7f01686f7,73
8c7950b1e,75
90e8d8225,102
5bddd9a50,67
4374d5272,77
f6c766f77,57
64a00a8a1,67
a564e4f51,29
4cf56a9f2,68
39902d722,102
4646117ab,12
7fad74e0f,48
e2fdce920,4
4b648670f,103
a1ecb0622,66
ddc1eacff,0
fc7c304b6,9
86c0fdb4c,82
0fccb02fa,74
ada310267,13
6dfa10ee9,36
6bc2469f2,73
ad9aa2ae2,88
bff69770d,73
1867b3487,4
b020fbff9,53
49fc70cb5,49
527fe834f,92
1f38d6778,94
352d983b1,5
08263abdb,94
36f394d24,63
7864cabe3,4
2f1f2d1d0,103
8592e5ece,73
565242c3b,58
5285b9c84,0
eae09f119,103
154f5a75b,75
b7c02d7c8,102
bca706d7b,88
ed429fccf,49
9ddb372cd,74
137107106,75
ccf5f3de8,47
f4cd5efa6,69
c624f43f9,14
5eab13f01,40
603490d95,66
f38c7346b,86
6a2552916,14
8ce0043be,11
9a302252a,91
e32696dd7,69
308dc8750,64
f2809517f,102
149d11de6,53
9ec91d6b5,4
e41a75354,16
af2a02abc,31
aef983095,4
f35bba490,17
6c95b6248,78
749b744a4,47
dfb75caba,7
c4081a31e,68
8571d6622,102
6b8d9d74d,49
431dab6d7,94
24d5596ef,103
8893d08a2,46
c1c4b2105,48
87b9d4bb4,67
a9c9495ff,48
5de6bcf29,50
9199afd98,12
856565e67,71
0aeacb28f,4
035e7fa21,68
fe2bfa700,70
77f19a3b9,19
813ba4348,28
7514c8182,49
8b4dab7c3,69
5c38776b4,103
ce2745e96,52
ae05e03cd,79
042c90107,74
8ccadcb08,73
54eb01070,92
868f3ca31,52
ebc4dfd8f,67
20cbfadeb,49
da98b5bac,47
33096a299,4
f94013d99,80
cd009e1a0,0
ef8f495c8,67
d7c723881,67
8fbcbbcb5,91
7e1f50feb,73
d8f81ecea,4
aaf781d34,1
3c425da53,14
87a93b8d6,11
84b7495d6,87
abea787cb,75
4a349dc90,103
a3535e355,53
6e3c0fddd,49
43e458e40,67
44a477145,53
3962a6493,48
ae5333fa6,70
30e82e694,29
ff9c8d8ee,14
15442a507,5
d82a21bbd,93
56a02070d,50
db86084d1,64
3cade7849,14
75540546f,41
eb4bacc7c,5
5e01e9489,68
74f0d70ef,51
09ddc01cb,103
a3160e2c1,73
705344bd8,13
2a94eba93,73
653ee9b0b,4
e1b3d72dd,95
c29915daf,51
79f507d4d,13
b547b5949,103
d4c0f8a5a,67
599713c6f,91
19e07f757,42
7be2867e1,4
afe70f1d8,87
903ae9a2b,43
06c56276e,17
0119427db,17
d36d163c8,102
738116e15,41
9b3779536,80
6820bdfb3,67
7afc693b8,98
6dc1a03ed,73
b8c434ee9,103
7cdae8d89,4
ddb556ab6,88
5aafe07bf,4
929ac8834,49
a91426ca4,7
f6e02f90d,34
d8749b8dc,90
25b587ccf,68
bfcedb4e7,59
5e5acfa07,80
e24d7d290,73
691ff0015,87
c7d865058,48
e1177c121,53
c298d16b3,73
e3069605c,94
45c144250,18
6896dbe36,100
f670aa5ac,36
007258826,49
3231f45f3,53
3c36c119c,48
715656abf,75
5a74ce4ab,10
b57f67883,91
65d4e9994,39
21ea59543,45
4a608f8ad,49
9e07d0aad,22
c5fda34e8,14
2c009b580,84
b2cdea1bc,4
1a4dc4b2f,103
20aea9077,79
7f5479556,51
e9b9e8a26,49
8ca2371d5,4
7f9351c2d,49
4abe117e7,73
a7ab2ef02,53
1ba32dd82,53
7d2cabb96,0
82316b58b,45
7d3786848,67
1f00c0495,68
cd503942f,55
2d0832480,62
b6eb04bf0,94
6aae558ae,80
777ef8066,90
096e3e1fd,87
043666ac5,49
9b353319d,73
38f6562a3,4
1f7554862,13
14057210c,49
22bca0aa8,47
67a3ff9db,90
4bbb6638f,29
f4dd28145,94
7e8b191e8,68
0cbc27679,102
f83f81e9c,48
19e95658b,103
5d23a793d,75
4f21ae7b6,49
29d5a8bd5,103
96112131f,34
23ea06b99,30
2b91acd3b,87
696a13525,53
53ef32294,80
0cd2a25e5,76
38b929b8d,16
fac4230e7,82
99263d818,50
04ec1f692,67
2213dd7ad,45
f6f821392,91
41a9e2617,4
378c2a70e,72
f35bfd300,45
2e21540ac,86
3aa210981,25
a0277cf50,97
8a904fdea,103
960fe3fd2,48
4a41ae5e8,83
764a98598,53
f2702f681,103
e34772216,48
4e65f53bb,13
da2d31c98,4
8098272f9,45
58e9042e0,29
59265d2fa,4
d6503fc7a,53
f99834b3e,90
2043fd8b7,48
ed0b0e088,39
dc39aab6e,55
c4c78dc65,103
0208143a9,53
eac0fd0b9,67
65a3a7b6d,73
6e93d8d18,49
4bd6a1f9a,103
bbbc5f9a8,85
bfdf112fe,89
61290cc43,0
b299b2022,67
64923375e,87
0c705e746,71
eec53fb8d,81
63bec561a,68
42e378280,93
22207b7e5,39
0045ce94c,67
aee5c9b93,47
e696c6605,13
9c1a396f9,87
b80e5bddf,67
cf86bf7e0,57
0fc91f469,53
77a43b493,14
d2dc32c18,95
f5a3fd7b5,53
7be31a9a0,0
f58f83775,39
c0825b4f8,74
c0654d4f5,69
29c460e2b,45
01597bbec,48
7e2ed4d52,30
1153cf999,103
87de4333d,53
cb4330abd,78
c72964068,48
aa9279a0d,103
8a361b630,80
a4a05f743,73
167bb4270,28
6be539abf,71
5586807d4,29
650d157b1,94
792e61b1e,49
6036f3641,95
505515f6b,102
52378ff5a,13
9d13c547a,49
3d199ab7c,33
3085e18eb,70
64213e873,0
675aad8ff,13
817ab4ca5,50
fef2b59d5,103
a670f0c43,68
18abb30af,4
f0f900bec,73
d01453352,4
a425fc6a7,48
87a338501,100
37aab2807,4
e78504c82,48
241202d64,72
ce2335977,85
1c074bd0f,67
15ec03f5e,102
8b2940362,67
9a879fb6d,4
3ca2ee97f,91
ccb9b5cc7,12
8212b672a,13
58c90fc33,62
43a84d203,18
eb66fce7b,45
62728ae3b,73
f6ec8db9e,103
486715238,7
6b3b8d49b,57
f5277593f,14
79f689862,75
532eacbec,95
546744090,49
304631d59,49
74c97189e,90
754cd2605,49
630773b7f,69
75dbc2c81,69
30b4b7aea,75
93f0dd7cc,75
416e24d42,13
91610e157,13
68f48e5f5,69
bbc846996,15
2623d36fe,67
a4513ca36,102
77a6613b2,77
f40dffb83,65
1beb4e8ef,50
c8e30f4c4,67
7472f2db4,87
83c2057bc,39
eed177624,67
ce136eb7d,0
ac263553a,67
98b1475af,82
d0a654445,87
1d03ab65a,75
afbdbbf2b,48
4f855f8ce,90
77aa8505f,50
48e65f113,53
4c79f68f0,93
3665f35e2,65
1749a6a95,5
5b1f12738,10
3776f98a8,84
19c5ba9b6,103
0401b69cc,76
1557e4b6e,102
74bb3e711,14
1f2eca93a,72
a0d752238,50
1e9cf8264,16
4612e397b,4
656cc827c,52
729ac5e06,68
94bd779c3,53
ca875ed6d,0
1c4736dea,28
b07bb0c22,4
934408cfe,4
f8326b046,18
18d41400e,13
80ab4469a,102
ab06cb3c9,1
a1eee5a29,72
114d128ca,48
0bc95f66e,72
49f2ca2d6,13
28462ed13,14
369693f04,69
0df8316cc,67
ecadeb0a2,86
735783bb8,82
b5eb21e9c,68
dd88fcaa1,53
b51c9863e,43
69bdf9905,24
ce06ee7c4,72
2c2ffb258,79
55e0035e3,50
3f5c2bb22,16
1600cce78,45
a2fcedaf7,67
4c25aa614,21
c701bae84,75
a7e869862,72
961163819,103
8af4a8896,91
0315a723c,53
51d6b9846,102
25405d6c9,87
462a4b1f1,67
997575057,47
2b313ee7c,102
4e7bdb1cb,95
d3be0d35d,88
eda9f61b8,103
1329c5b4a,75
49f22c2e5,53
d56f1eaf5,38
f347c4666,72
9d7b004b2,4
b1041fc0d,71
a167a159e,50
d47eedb46,84
a025436a1,5
e207a9c22,49
d14992eb2,72
1ec665f37,50
e203d6713,4
6b132a6ca,48
7db44032e,94
aab3a2289,28
7300f20e6,48
ee2b50aed,22
0087eeefc,89
9fcb174b6,53
edc4d0f73,80
c16dd6692,43
d0ee253f0,67
a7fcb3749,52
9e011c986,8
2aba48b93,83
734fc53fb,25
d01d8d2fd,45
7af25ae57,102
2184fa6f2,8
393b7dc05,48
61486eb05,60
3d4a5ad3e,79
3ceb3dfc0,88
73b47d713,103
26417279a,103
afa55360f,45
3333af434,80
2a69fa3a2,30
0623719c0,4
495523f05,12
6569b16eb,76
0f340c3cf,79
d1511e64f,12
485e088fd,49
85e11330f,89
e9a53e9fa,72
911c029b5,24
94d387cd6,53
25faa6813,10
3875d3601,40
b37712a07,14
a5eab308b,87
03536aa93,53
c2b8d96b7,4
8b8836103,45
b80ea5db7,47
cc4399647,0
2080c5234,71
5b313549c,88
63ed2755f,49
437e2a9cf,73
0a7989f52,64
410d24f09,79
b319ff6ce,98
17f8af701,68
fc354c0c0,77
5e7372874,97
014809654,93
f267d94cc,21
6b9570949,82
477aa8655,68
2ae7f866e,53
7c30e1a81,48
6e3303932,55
5762da038,20
ccde3ea45,37
376134aea,49
a18ae9e89,53
e9c29b67d,48
2fc266682,78
f563b8f1b,97
2b347b559,57
c34f2139f,94
e810fbb6b,93
4b781211f,70
db53bafc8,56
a5a71637f,68
d18ee118e,25
bbf51ba25,49
6f25bec48,43
2adebc1b3,18
8fa62ef13,103
5184d47b8,41
16b341509,52
b2d489e27,69
5dd6b63d9,15
0664c88a1,0
343a80f91,27
afbd78d62,73
50fe6ebcd,67
5b229190a,51
aa4f36f71,77
d2ce72fe0,71
5954973f3,67
21a5f41f7,4
9debacefe,73
43ccfd5e2,67
03c4126b4,4
35372e4f4,103
742ca771a,73
e72ba29c5,87
bc9873f0c,41
82a14f17f,5
8c5ae49a8,68
5a00bf031,29
202eabfc4,13
a21f6d452,49
70ef6d8bc,57
b1ab363dd,103
9ba782fba,48
124e119b4,13
4d88ed603,4
3856fdbd7,68
3149540a2,73
613831ee6,4
f38fe4cef,103
26444f504,4
3b89f294f,54
2118eb37b,91
c18fddc3d,68
2e1a7e4a8,71
8a8fae985,72
4fe7886e1,50
441f60624,93
c11fb922f,18
68e8b6b9a,102
974a99cd3,53
98e5cf2d2,42
dabb82074,48
99536c670,47
2b1ceb24c,81
423c62bbd,93
850acae7e,103
9a55c6f1b,52
ef68e319a,4
96c6c97f9,102
501e378f3,79
dd33d59f9,13
06a271f97,68
e1494fbde,33
4ba73aa49,4
52592a2ab,14
f8da03f7a,75
6a6ad6ad3,79
3aff0dc0d,4
1b3705cfe,51
fe3642b3d,48
79522023e,40
7eb988267,73
f1516a306,67
a1bd64c5b,30
e16606faf,59
464ee7908,67
34c97f64c,2
d325e5d76,14
bad8d3e9f,53
d92a98c89,53
90452c872,4
2dd56f346,69
e71ef6701,4
f811b7fa3,53
b8bc9b3b2,71
65bc00f77,47
6461cf7f3,28
cd703e25f,53
91433794a,7
54a9c9512,14
2586669bc,48
2194ed33a,73
599d64d01,102
0b75f1f48,14
935518c47,47
1b4a28bcb,48
26a9dc162,66
e6c5fe236,48
e0bf00d7a,67
b79cf00ff,69
3fd719b67,12
e1e7f8c61,103
6f0d8372e,82
83b0ea85f,13
3c22e0a0e,4
488cd2512,73
e21d2982a,88
e0df04630,17
e2e8f7c06,80
7b566ed00,68
b651d313e,96
0de25d05e,90
f337de2b3,94
7790e656a,10
4e8b618c7,48
0c7c4d0a7,4
69a8e84ba,86
a0301d0e5,68
3a29db605,99
c548502c7,24
bba2d82cc,38
0dda08338,4
c44d85f2f,51
35dbda91b,13
6b4fd7e01,102
ad3eb529c,48
2ccf28e9f,45
087d3bbf0,13
7fcbcdc02,5
9e46889f9,102
75bb87271,95
ceb261e4c,103
d81c315b3,48
c93150ab0,88
19f37512d,54
b3541d83a,80
6ebdc31d7,70
03e5f5846,46
7e53bd3db,45
5b9abdbc8,86
73654808f,43
272457fe0,66
401730197,4
6e4cea791,4
5a2c8645d,52
9f69713aa,5
72848173f,53
a17d53e19,47
a0dbd84e8,103
503c5b1ab,75
3239f2f66,93
61b28f8bc,64
2557c29c7,68
cad6a0d66,53
d95bb7f70,46
4751e93ad,4
80468179b,58
a2e48b4b8,63
45162353e,75
d43d8c9d8,82
44c94e8b0,67
f66e3a446,82
7cff9aa7b,53
71525c500,103
4a14dd513,67
0aebb315e,86
e6ec47b1d,49
14e124c03,4
6fd250f15,103
5228fb3fa,89
35b66a46d,76
71cc05cc3,39
cc6a65411,83
0abb8d338,56
a80f444a2,39
405a7d77a,53
d974a8a25,69
bc4b01a52,97
a8a8b4261,74
8f7576edf,13
e39fc5430,36
640bd467f,103
0b25964e1,4
092be0405,102
2d1ee50cd,68
9015e43c5,68
dba8e8e9b,85
7263dccaf,13
56e37b524,92
50f97c747,68
2a5e80a12,63
baf415f07,72
abf89f144,82
4c1b8a5c3,4
e1e5687f0,4
057cfa1b3,75
a8a7882c3,102
4ea0a3352,4
aeb2bab6c,87
4ff518045,67
f23084f4b,76
ebc1583ce,47
4cacbf1fc,87
a4f827652,13
4342207cf,67
cddf33a9c,103
0dce2cb5c,16
7acc72b45,67
7182235fe,67
61f3da6ae,55
4c4a8848a,8
630ddb37f,75
f99cc22d6,4
465f2ddcf,103
62d2aaf89,72
916e18133,46
8b423a167,62
43b2ec735,24
28b08d407,49
1fa6772be,103
33aacd395,47
89fb3d0d3,87
2e31631e4,27
1c946e0a0,24
6c8eb5daa,49
d7d866216,73
45a842008,64
bb5a3fd92,7
3eba562ed,86
a66f7bbc6,4
3a9b30bf8,56
20be2b5b5,55
2ad78f9c2,48
25004084c,67
4c4c216fb,73
0b8333bd9,68
8a693ad10,51
f4c3dcb09,103
59d5309a8,80
7f8e636bd,60
90bd4a9cf,67
6899ceaca,35
5f1a08959,21
abd803ecf,49
e85121a2c,49
750bae291,87
1886b234a,4
d390d32c0,4
d278a4f7a,49
00856dfa9,82
5233ee8fe,45
3e4825fb2,102
0502ffb63,51
9e421d059,103
0a63cce73,103
e4cac2e07,67
537f040bd,4
84412137d,53
24be941cd,24
0d27bbb79,46
7b506b5bd,31
b5253f91a,47
a8bf527dd,6
01337a0cf,77
e26d85d35,67
86afbe278,49
5ea428031,25
1ee5a55be,28
c90849e35,75
e68f95550,86
275fa220b,102
e91cb4f98,7
b7882444e,40
f3d6a27d5,80
7fccc20cd,103
0bd70c4ae,94
b9811a813,96
d3cdb9655,102
61f237fa5,50
3522d5b4e,47
fe824e9b2,45
2c2579451,12
7965e86c9,102
06ad3fc5c,5
4e3f96c83,68
57787a61a,93
47f47a868,80
c32f14d9e,67
07565a412,1
9704969a7,4
89f3b6297,53
47134493d,73
edad0d3ee,75
eef606ee4,80
1a2e45581,79
0dd7f1f16,30
118a60f12,86
69d14fa3b,13
78f5768d9,49
6074e6638,43
ad0d1c07b,13
b390e248d,93
98de1be5f,4
daa970cd3,67
bd401fd21,103
707ccc2fb,50
9ff26d18b,69
d4ab600c2,10
7a5dfb158,98
9caf3507d,46
69c63b4fd,18
67ec88f39,76
ebc612beb,87
1e59b9929,37
522ea009b,103
92025e489,28
bdccd8d94,53
4e9ed92fe,48
a05c1a9e2,93
2688f98e3,12
3bef19347,48
b8612fa45,75
a67e861a6,50
35c0567f1,0
52491f753,103
93f493575,48
b6cb0c2b8,75
855c94fc9,73
4ea7f54f5,91
93e1b1b57,73
0d0b4631c,73
f2db90ee7,103
63e2e3e4f,103
7605a3733,82
2b08a162a,102
60e8a1d83,63
0fcde961f,73
461f4f5b2,59
df8c1c48b,56
9a33c631b,4
a1cce28af,52
67873d67d,74
10c508f77,73
e82bb0f6b,57
6df282095,0
ec33a58aa,47
50bb7de2d,4
9e7a1bca6,70
8d60b7464,49
fd33eec2e,80
d6fba1863,53
4df5a7b4a,87
5a33a8adb,0
3d2ee2570,103
6bd4a7ab4,75
358cb6a28,68
a7857a9be,53
a68584f39,0
ed087f460,94
f9c931893,49
392d70bc1,14
65f299d4d,103
72d1bf434,34
53cf1033d,102
91b8321dd,103
fb6d4648a,21
c83825f6f,72
bead374cb,57
36a638215,40
be5a25da8,48
ddd367d19,4
c615baaa2,92
8872018f5,21
9c3ca26e9,83
34cc8d691,30
62e5874bf,14
dc9af495b,13
3dd3823ba,14
21c09e349,99
5b69d3121,95
c96b560a3,47
5b45e7a4c,67
a8ae0ccc3,31
e67454090,79
fb3530a46,76
337ffc67f,82
37cb79b63,103
ea32570af,13
f3c88b910,74
94db73148,40
e72c5d3a9,103
bada5fd0d,75
7927ce9c6,73
d39e4ad87,103
1e8c44cbe,28
7f7c6d039,62
cd86aac5a,4
d9111ad4b,75
237c95bc6,13
bfd8234f6,47
5193214a6,35
a2606d96b,50
9989acdc6,103
e799e6e75,4
656f4c5dd,77
0713eb9a5,53
4f363e9db,68
dcf4672c6,14
b8e1080ce,67
0a90e5cb9,92
2a99b0118,67
ab8add1c1,77
c84ce54d5,7
981396649,49
76f661311,53
3cf6321ab,0
a3500e94e,49
eb6dbc774,13
0679c1097,67
66e6f6938,5
d4bf7a89e,86
f969c00cd,13
9ea847197,77
7163520df,83
dd7f0f72d,82
0c4cc8319,13
1c35c04a8,53
f6820c410,91
ee2fd195b,75
58c271df1,68
f809ac529,75
57d9b8302,4
218ffc7c9,13
4191e9966,75
6066bf3b3,103
aeb1a52fc,51
875510d5c,67
cbbe148a1,93
0c8b4c597,13
99776d4df,79
3d5479aca,46
1289609e3,102
6daf9a7d6,79
2d40a8e47,81
6d16c986c,67
ac3ed3cb8,67
31dec703e,41
f735fb308,24
74973ce69,7
05c9fcf03,53
ff0e67f2f,48
3accec78a,102
edca7ed7e,5
78d30851d,72
52171b028,73
48490759b,75
ea755b7f6,39
884593f79,70
05e218a53,94
a42065058,75
31f2e5155,86
ecd73311b,4
f4db33d12,48
27c1d078f,18
74f1c073c,50
4ce386ab0,14
95eb4c83a,80
d34eabf31,67
ed43b8e78,102
492cb82ee,91
270665eaa,67
b601d9f8e,28
4cc87897b,95
7547be627,49
40ff0c11f,67
d982b80ea,0
5b15fd082,100
a01133fe3,10
0c3ae4377,81
d0e21eef7,13
789e8506b,76
fd7cd952e,69
55c59324a,4
d5628d4df,8
597ea383e,73
f157a3c6b,49
d91b12e12,94
c6e5bc142,67
8182d588d,7
26b07058c,102
b632c0a2e,28
1beb08caf,39
a1d2cd9b9,73
7247cc6b3,68
8dbbf9d19,47
266776fdd,53
a1c8de469,73
745cf5ce0,48
4d0ffe92c,67
58879de83,69
28fa2b3c8,79
d2dc27a1c,64
adacc3a94,39
f7f45e1d2,40
8e5430d77,88
8a7b93f64,75
870b7fc50,49
10dee0305,5
eb1ac3552,4
dca3a0787,36
25db0cefa,71
6841f21d2,75
0d989f57f,72
754eab3b5,73
42b0abd95,50
f21bd29f5,4
b545ede10,74
1226ffc63,94
057d2b6d4,58
1a33ad4d8,56
7b6338bee,4
03edb6308,71
b78e121dc,14
9290d73a1,86
e9928cf8f,67
b448720a0,49
0543d5d92,103
e7292df85,4
473c84ae9,13
07f8cc8ca,48
6e7b662f3,102
f938ff523,29
d4ae8d14a,41
b811b25c9,57
9fc4a402d,70
8cd1b6545,24
c2d0ff1e1,4
de8795ddd,46
f78eecf21,103
0555a95db,4
e8636b839,49
00e3084c1,102
8b2742145,49
964412965,67
ec357f612,68
d482c8cf2,29
48faecd45,77
fdc6bab48,48
08c71ca8f,10
db735ff57,18
f48aad6a7,0
582a4afd0,72
2cdb115b6,14
9e4e812df,5
1548838d2,48
377abf496,76
a5b604f04,82
3cf28a050,79
4181595b9,57
e4bd15b11,73
e2480f460,50
f78d35dfd,54
954d0fe63,14
2eb1d2313,41
29026b0a6,98
532e6c637,53
bb91e163e,102
c0e7198e2,58
4b86a4171,67
bed3cd944,74
a666bcc36,10
0edbc1625,4
f458034d1,50
9d3360932,9
bea291a1b,27
6e1842cc3,75
14024c433,71
cf68a6af8,73
b30ac7015,18
7cc00d3bf,67
42cc20908,50
945155e8b,13
787c185b9,67
2cb2c881e,14
67eb6bb6d,67
bb1e822e8,47
a0c7302d1,87
202a8996e,18
4994522d9,53
0b2640e87,102
ae3a8a68d,13
1c64ecac8,69
7894b3f5a,15
3714d19b7,64
f3ee3f7ef,95
ca9c4b1e1,4
8e07336d7,47
ad77c781f,53
2d17418c3,96
c3222a379,59
e95556293,85
0862d460f,4
0b619448f,103
288510b49,73
f2f66f2c0,73
6abbdbbe4,76
315a148f3,0
4d0d04ec2,68
268c2e415,82
9f447b11f,102
e93da9242,12
46ef787fb,72
e646d3124,41
beb9f80e6,103
a6672b875,29
313055a9e,86
1e0d2fb87,59
315d0c65d,53
2f4a6e151,47
21ca80954,103
71c31d4be,4
786ac2686,98
7cc60fb22,13
e2567b48c,50
04fdbddd7,79
f351a6e43,30
f1184530f,4
fac9307e4,77
9428dd133,53
2f2b2a1f9,73
a195eb3f5,67
b1d61c023,67
7530384bf,4
7dcc4ff7e,4
1932af102,53
b10193db4,44
f696ea622,50
c0f55d16e,103
2ce1e0b6a,30
3eb77db12,102
8935eaabe,103
401b6e0c9,14
28f0909fc,86
367f0d3ab,79
82b0ce34b,67
e6dc466d6,14
abc1d37b6,82
90a369187,0
f2defaf74,48
21608cb5b,14
1711fd57d,68
79686d60a,47
40ded13ea,4
ed1e5c7aa,44
960b40f5f,0
a6732ac2e,77
a6e295583,78
3debf4070,14
61f976a63,77
6ab138316,21
5e802f360,83
92d8c290d,67
3224015a6,67
e83500196,4
6e7b8fa3b,81
e80ddeb7a,90
7de7343c3,93
7b38952f6,86
600bcfc2b,28
be75d9856,67
8e66ce122,62
5745b1abc,72
2c670a497,67
785f14a23,4
581ead9fe,72
d96c3a358,102
ab5f64570,13
b078f662b,67
c785abe6f,7
55a2149cb,47
fc7362a16,67
709d4aaac,89
6a8422b82,61
de882d4e8,4
996a4ac53,49
a5988f75e,53
f76006728,10
bc707c021,86
9dac30b0c,103
c144ae440,103
2f8b40852,73
48689d750,58
1e3e2da00,18
410639882,85
aaa580243,82
9ec15c151,74
65ce506a1,71
c4d436848,93
232ad11f4,80
a2d6fcb7b,62
39dbd326c,45
e56f9fd6f,4
7a6ba7fc8,68
743a39958,49
5ec9553ea,79
d49030919,4
f029a3429,48
52178db26,71
0556575d8,29
45271b9c5,54
797d44519,41
19e44b02f,81
f9c4254e7,14
a007c4ce7,36
bf7e00572,4
9aa2210df,46
904f86ba0,28
e5f6dbca4,48
bf16e0cb8,49
27c74d8a8,71
01a3fdd52,87
a1ca4c928,4
a7756b411,53
226a4258e,41
96a197cb1,72
efcc34447,48
4afa6c98e,39
d02a2fd8f,4
161a7d556,102
950c30887,81
473db5fc1,102
4ac812558,49
885d5d2ef,93
4e6d9fad8,43
f8933e5d2,47
1c4bdac93,4
730d2b0f4,67
344a190fa,103
0f6325318,52
c8c92b3d1,49
096df77da,49
3a44b1b54,77
ddd24583b,80
80c048cf1,4
e95ce8077,73
7e517b238,22
1eb6f22d5,48
6c123c407,85
33332272e,103
d4c65214c,76
e752f8dfa,4
b3cf1a86f,90
1f36484d7,49
89ea4a518,51
5e6e5030a,56
30e9b5b6a,87
9a6e4aacd,97
d8d29bcf8,0
85e1dd858,53
0d7c08885,67
155c1e966,41
8d9ce649d,73
5bc0988c2,9
d5e4303b9,7
411394fae,67
55683854c,57
4de97f685,59
39e40cdd6,4
c245c24bd,59
d1edcd33e,70
e2cb25f6e,22
85f511409,103
ae8e3af92,29
6a69a6ae1,73
3744d58d1,21
fbae2fb1a,49
ba9fa9f30,49
b46f208b1,83
7da20ceb0,62
288d4365e,75
affce3819,17
adacbebc1,90
42f1496d8,4
4fb19aefd,82
64088707b,30
cafd03a2f,102
3b58e0b0b,14
9e31cbe3b,67
2bc4dc850,48
9fe8be4ac,75
897e8e24d,53
36444082b,52
1a6e886f2,102
ea36e1b93,75
a31e545e0,4
fb8be9bfa,14
4a6513e63,49
f3e315051,46
cdd700dd9,51
b2a96e09a,13
e36cefcc1,102
b3deff050,103
848c7cfe9,103
c54d38d9e,94
490efc553,77
a048044c1,102
0a73725b6,102
f8eb6ec7c,79
9af5f572d,9
c1c26f4ec,62
24ef54ca8,74
99c14d554,103
3b8fc5371,72
d470e311a,73
da9ed562f,103
9a2fe7b99,67
f880b1d01,45
396d20b5d,71
d18e36dce,75
27eb5a7ee,50
1770a3955,39
dd754aab9,18
3d087513e,0
d828c217b,77
2f0b8155a,50
03a46c116,53
dfb5140d1,13
0be370901,102
1706c5144,14
9a970ddaf,93
347c449c8,79
3dba2c4ed,22
f6f3f541d,91
54620ca30,53
5b1353d71,68
bed5e7833,36
2a0a2ea23,103
5b9de4b19,83
bb15fd515,4
16810b3aa,16
195bacee1,67
5ff5a39ea,73
1bf635fcd,103
1f2621b4c,102
b687e4bd9,88
055988ad2,14
3271ed094,68
df88a9d81,73
3a456593e,52
414fa5cce,102
ab99925c9,53
dcb79c93a,73
97947bb82,46
8e298b272,73
da9de3c05,77
478fd662e,13
79423d8e8,88
d5320553f,68
ac1af6f95,53
d77fa0d2f,8
46f84af18,98
ed8c3c3f8,34
034fca563,103
355abfa16,49
79cb3514c,30
cb02dfd8e,49
55f00c851,90
dcbd123a6,70
ac79edae6,23
9980474e3,49
5ec08d254,72
5a33b53eb,49
7677ecd51,4
ff2e1b825,103
2c302c916,35
131ea4f52,46
7059b2c59,89
91275fda4,42
68b3481c2,80
ee3c0e393,67
688759258,67
8198687fe,16
98dba17d5,10
ec3f90c05,67
894eeb28d,13
9eaf1170e,0
13fdfe24d,92
3816dac91,73
41c27b630,94
298ade3a4,49
80abd878b,102
42ed99f8b,67
fe2c0a711,4
8e9cb9e5f,39
646e258ec,70
4a5172bd5,26
400353bac,103
61fab76c9,75
f01658320,67
3a3274d90,68
780f371fd,50
